ISIN,Security Name,BSE,NSE,Alias name
INE144J01027,20 Microns Limited,533022,20MICRONS,
INE253B01015,21st Century Management Services Limited,526921,21STCENMGM,Twentyfirst Century Management Serv
INF579M01BP5,360 ONE Mutual Fund,544766,,
INE466L01038,360 ONE WAM LIMITED,542772,360ONE,
INE994E01018,3B Blackbio Dx Limited,532067,3BBLACKBIO,
INE0TE101010,3B FILMS LIMITED,544412,,
INE0R7D01018,3C IT Solutions and Telecoms (India) Limited,544190,,
INE748C01038,3i Infotech Limited,532628,3IINFOLTD,
INE470A01017,3M India Limited,523395,3MINDIA,
INE105C01023,3P Land Holdings Limited,516092,3PLAND,
INE618L01018,5Paisa Capital Limited,540776,5PAISA,
INE111B01023,63 moons technologies limited,526881,63MOONS,
INE413X01035,7NR Retail Limited,540615,,
INE454F01010,7SEAS ENTERTAINMENT LIMITED,540874,,
INE08PH01015,A B Cotspin India Limited,544522,ABCOTS,
INE00YB01025,A B Infrabuild Limited,544281,ABINFRA,
INE911Z01025,A-1 LIMITED,542012,,
INE663P01015,A.F. Enterprises Limited,538351,,
INE619I01012,A2Z Infra Engineering Limited,533292,A2ZINFRA,
INE0C5901022,AA Plus Tradelink Limited,543319,,
INE0D0U01013,AAA Technologies Limited,543671,AAATECH,
INE883F01010,Aadhar Housing Finance Limited,544176,AADHARHFC,
INE563D01013,Aadi Industries Ltd,530027,,
INE087Z01024,Aakash Exploration Services Limited,,AAKASH,
INE322R01022,Aanchal Ispat Limited,538812,,
INE512R01010,Aar Shyam India Investment Company Limited,542377,,
INE056J01015,AARCON FACILITIES LIMITED,532024,,
INE198H01019,Aarey Drugs & Pharmaceuticals Limited,524412,AAREYDRUGS,
INE750R01016,Aarnav Fashions Limited,539562,AARNAV,
INE721Z01010,Aaron Industries Limited,,AARON,
INE01C001026,Aartech Solonics Limited,542580,AARTECH,
INE767A01016,Aarti Drugs Limited,524348,AARTIDRUGS,
INE769A01020,Aarti Industries Limited,524208,AARTIIND,
INE0LRU01027,Aarti Pharmalabs Limited,543748,AARTIPHARM,
INE09EO01013,Aarti Surfactants Limited,543210,AARTISURF,
INE754X01016,Aarvi Encon Limited,,AARVI,
INE0EAX01014,Aashka Hospitals Limited,543346,,
INE819K01014,Aastamangalam Finance Limited,511764,,
INE216P01012,Aavas Financiers Limited,541988,AAVAS,
INE777X01017,AAYUSH ART AND BULLION LIMITED,540718,,
INE430R01023,AAYUSH WELLNESS LIMITED,539528,,
INE365O01028,Abans Enterprises Limited,512165,ABANSENT,
INE00ZE01026,Abans Financial Services Limited,543712,AFSL,
INE454E01013,ABATE AS INDUSTRIES LIMITED,531658,,
INE117A01022,ABB India Limited,500002,ABB,
INE358A01014,Abbott India Limited,500488,ABBOTINDIA,
INE125D01011,ABC India Ltd.,520123,,
INE516F01016,Abhinav Capital Services Limited,532057,,
INE211D01027,Abhinav Leasing & Finance Limited,538952,,
INE723C01015,Abhishek Finlease limited,538935,,
INE281P01016,Abhishek Infraventures Limited,539544,,
INE195I01013,Abirami Financial Services (India),511756,,
INE251C01025,ABM International Limited,,ABMINTLLTD,
INE850B01026,ABM Knowledgeware Limited,531161,ABMKNO,
INE0ZDY01011,Abram Food Limited,544422,,
INE15MX01014,ABRIL PAPER TECH LIMITED,544500,,
INE012A01025,ACC Limited,500410,ACC,
INE578B01015,ACCEDERE LIMITED,531533,,
INE258C01038,ACCEL LIMITED,517494,,
INE0POP01017,ACCELERATEBS INDIA LIMITED,543938,,
INE793A01012,Accelya Solutions India Limited,532268,ACCELYA,
INE132201018,ACCORD TRANSFORMER & SWITCHGEAR LIMITED,544710,,
INE1KVQ01019,Accretion Nutraveda Limited,544694,,
INE648Z01023,Accuracy Shipping Limited,544598,ACCURACY,
INE0S9X01011,Ace Alpha Tech Limited,544431,,
INE715F01014,ACE EDUTREND LIMITED,530093,,
INE543V01017,Ace Integrated Solutions Limited,,ACEINTEG,
INE023R01018,ACE MEN ENGG WORKS LIMITED,539661,,
INE849B01010,Ace Software Exports ltd.,531525,,
IN9849B01026,Ace Software Exports ltd.,890230,,
INE0K1401020,Achyut Healthcare Limited,543499,,
INE167B01025,ACI Infocom Ltd.,517356,,
INE326C01017,Acknit Industries Ltd,530043,,
INE636B01011,Acme Resources Limited,539391,,
INE622W01025,Acme Solar Holdings Limited,544283,ACMESOLAR,
INE950D01012,Acrow (India) Ltd.,513149,,
INE366C01021,ACS Technologies Limited,530745,ACSTECH,
INE731H01025,Action Construction Equipment Limited,532762,ACE,Action Construction Equipments Ltd.
INE380Z01015,Active Clothing Co  Limited,541144,,
INE00FF01025,Acutaas Chemicals Limited,543349,ACUTAAS,
INE556D01017,AD-Manum Finance Ltd,511359,,
INE931S01010,Adani Energy Solutions Limited,539254,ADANIENSOL,
INE423A01024,Adani Enterprises Limited,512599,ADANIENT,
INE364U01010,Adani Green Energy Limited,541450,ADANIGREEN,
INE742F01042,Adani Ports and Special Economic Zone Limited,532921,ADANIPORTS,
INE814H01029,Adani Power Limited,533096,ADANIPOWER,
INE399L01023,Adani Total Gas Limited,542066,ATGL,
INE627D01016,Adarsh Plant Project Ltd.,526711,,
INE833A01016,ADC India Communications Limited,523411,,
INE805Q01028,Adcon Capital Services Limited,539506,,
INE0W1601012,ADCOUNTY MEDIA INDIA LIMITED,544435,,
INE01B501018,Add-Shop E-Retail Limited,541865,,
INE757C01021,Addi Industries Ltd.,507852,,
INE0H8J01015,Adeshwar Meditex Limited,543309,,
INE982B01027,ADF Foods Limited,519183,ADFFOODS,
INE586D01014,ADHATA GLOBAL LIMITED,531286,,
INE578L01014,Adhbhut Infrastructure Ltd.,539189,,
INE067R01015,Adhiraj Distributors Limited,780018,,
INE207C01019,Adinath Textiles Ltd.,514113,,
INE0CWK01019,Adishakti Loha and Ispat Limited,543377,,
INE674K01013,Aditya Birla Capital Limited,540691,ABCAPITAL,
INE647O01011,Aditya Birla Fashion and Retail Limited,535755,ABFRL,
INE14LE01019,Aditya Birla Lifestyle Brands Limited,544403,ABLBL,
INE865C01022,Aditya Birla Money Limited,532974,BIRLAMONEY,
INE055A01016,Aditya Birla Real Estate Limited,500040,ABREL,
INE404A01024,Aditya Birla Sun Life AMC Limited,543374,ABSLAMC,
INF209KB10E8,Aditya Birla Sun Life Mutual Fund,540008,,
INF209KB16D7,Aditya Birla Sun Life Mutual Fund,542230,,
INF209KB17D5,Aditya Birla Sun Life Mutual Fund,542863,,
INF209KB11D8,Aditya Birla Sun Life Mutual Fund,543472,,
INF209KB10C2,Aditya Birla Sun Life Mutual Fund,543473,,
INF209KB19D1,Aditya Birla Sun Life Mutual Fund,543474,,
INF209KB15K4,Aditya Birla Sun Life Mutual Fund,543574,,
INF209KB14K7,Aditya Birla Sun Life Mutual Fund,543575,,
INF209KB19Z4,Aditya Birla Sun Life Mutual Fund,544218,,
INF209KC1662,Aditya Birla Sun Life Mutual Fund,544706,,
INF209KC1670,Aditya Birla Sun Life Mutual Fund,544719,,
INE427V01013,ADITYA CONSUMER MARKETING LIMITED,540146,,
INE819V01029,Aditya Infotech Limited,544466,CPPLUS,
INE570B01012,Aditya Ispat Ltd.,513513,,
INE122D01026,Aditya Spinners Ltd.,521141,,
INE679V01027,Aditya Vision Limited,540205,AVL,
INE276T01018,ADLINE CHEM LAB LIMITED,524604,,
INE0XLO01010,ADMACH SYSTEMS LIMITED,544669,,
INE045A01017,Ador Welding Limited,517041,ADOR,
INE737B01033,Adroit Infotech Limited,532172,ADROITINFO,
INE257C01014,ADTECH SYSTEMS LIMITED,544185,,
INE0ALI01010,Advait Energy Transitions Limited,543230,ADVAIT,
INE1B0W01010,Advance Agrolife Limited,544562,ADVANCE,
INE900E01015,Advance Lifestyles Ltd.,521048,,
INE436N01029,ADVANCE METERING TECHNOLOGY LIMITED,534612,,
INE875S01019,Advance Multitech Ltd.,526331,,
INE334N01018,Advance Petrochemicals Ltd.,506947,,
INE837H01020,Advanced Enzyme Technologies Limited,540025,ADVENZYMES,
INE199C01026,Advani Hotels & Resorts (India) Limited,523269,ADVANIHOTR,
INE28GN01010,Advent Hotels International Limited,544446,ADVENTHTL,
INE178T01024,Advik Capital Limited,539773,,
INE208C01025,Aegis Logistics Limited,500003,AEGISLOG,
INE0INX01018,Aegis Vopak Terminals Limited,544407,AEGISVOPAK,
INE0T3401029,AELEA COMMODITIES LIMITED,544213,,
INE994D01010,Aeonx Digital Technology Limited,524594,,
INE947N01017,Aequs Limited,544634,AEQUS,
INE065D01027,Aeroflex Enterprises Limited,511076,AEROENTER,
INE024001021,Aeroflex Industries Limited,543972,AEROFLEX,
INE035801013,Aeroflex Neu Limited,543743,AERONEU,
INE175N01023,Aerpace Industries Limited,534733,,
INE0BWX01014,Aether Industries Limited,543534,AETHER,
INE0OXY01013,Afcom Holdings Limited,544224,,
INE101I01011,Afcons Infrastructure Limited,544280,AFCONS,
INE00WC01027,Affle 3i Limited,542752,AFFLE,
INE692Z01013,Affordable Robotic & Automation Limited,541402,AFFORDABLE,
INE321D01016,AG VENTURES LIMITED,506579,,
INE510B01018,AGARWAL FORTUNE INDIA LIMITED,530765,,
INE204E01012,Agarwal Industrial Corporation Limited,531921,AGARIND,
INE415A01038,AGI Greenpac Limited,500187,AGI,
INE976R01033,Agi Infra Limited,539042,AGIIL,
INE112C01011,Agio Paper & Industries Limited,516020,,
INE449G01018,Agri-Tech (India) Limited,537292,AGRITECH,
INE679E01015,AGRIBIO SPIRITS LIMITED,539546,,
INE740V01019,Agro Phos India Limited,,AGROPHOS,
INE0NEV01011,AHASOLAR TECHNOLOGIES LIMITED,543941,,
INE00PV01013,Ahlada Engineers Limited,,AHLADA,
INE758C01029,Ahluwalia Contracts (India) Limited,532811,AHLUCONT,
INE868C01018,Ahmedabad Steelcraft Ltd.,522273,,
INE768E01024,AI CHAMPDANY INDUSTRIES LIMITED,532806,,
INE212H01026,AIA Engineering Limited,532683,AIAENG,
INE0QFT01015,AIK Pipes and Polymers Limited,544072,,
INE008B01013,Aimco Pesticides Ltd.,524288,,
INE805A01014,AION-TECH SOLUTIONS LIMITED,531439,GOLDTECH,
INE645W01026,Airan Limited,543811,AIRAN,
INE0XBS01012,AIRFLOA RAIL TECHNOLOGY LIMITED,544516,,
INE801L01010,Airo Lam limited,,AIROLAM,
INE031B01049,Ajanta Pharma Limited,532331,AJANTPHARM,
INE601B01023,Ajanta Soya Limited,519216,,
INE274Y01021,Ajax Engineering Limited,544356,AJAXENGG,
INE0XRR01010,AJC Jewel Manufacturers Limited,544425,,
INE759C01027,Ajcon Global Services Ltd.,511692,,
INE298G01035,Ajmera Realty & Infra India Limited,513349,AJMERA,
INE820Y01021,Ajooni Biotech Limited,,AJOONI,
INE863E01015,Ajwa Fun World & Resorts Ltd,526628,,
INE701G01012,AK Capital Services Limited,530499,AKCAPIT,A.K.Capital Services Ltd.
INE864E01021,Akar Auto Industries Limited,530621,,
INE737W01013,Akash Infra-Projects Limited,,AKASH,
INE00Y801016,Akg Exim Limited,,AKG,
INE642Z01026,AKI India Limited,542020,AKI,
INE916Y01027,Akme Fintrade (India) Limited,544200,AFIL,
INE523B01011,Aksh Optifibre Limited,532351,AKSHOPTFBR,
INE256Z01025,Akshar Spintex Limited,541303,AKSHAR,
INE542B01011,AksharChem India Limited,524598,AKSHARCHEM,
INE09XN01023,Akums Drugs and Pharmaceuticals Limited,544222,AKUMS,
INE030P01017,Alacrity Securities Limited,535916,,
INE273F01022,ALAN SCOTT ENTERPRISES LIMITED,539115,,
INE914E01040,Alankit Limited,531082,ALANKIT,
INE155C01010,Albert David Limited,524075,ALBERTDAVD,
INE426A01027,Alembic Limited,506235,ALEMBICLTD,
INE901L01018,Alembic Pharmaceuticals Limited,533573,APLLTD,
INE191N01012,Alexander Stamps And Coin Limited,511463,,
INE042C01010,Alfa Ica (India) Ltd,530973,,
INE209C01015,Alfa Transformers ltd.,517546,,
INE883B01027,Alfavision Overseas (India) Ltd.,531156,,
INE782D01027,Alfred Herbert (India) Ltd.,505216,,
INE598D01035,Algoquant Fintech Limited,505725,ALGOQUANT,
INE062D01024,Alicon Castalloy Limited,531147,ALICON,
INE03Q201024,Alivus Life Sciences Limited,543322,ALIVUS,
INE773I01017,Alkali Metals Limited,533029,ALKALI,
INE540L01014,Alkem Laboratories Limited,539523,ALKEM,
INE0KA601012,ALKOSIGN LIMITED,543453,,
INE150B01039,Alkyl Amines Chemicals Limited,506767,ALKYLAMINE,
INE0GV601021,All Time Plastics Limited,544479,ALLTIME,
INE418H01029,Allcargo Logistics Limited,532749,ALLCARGO,
INE0NN701020,Allcargo Terminals Limited,543954,ATL,
IN90NN701011,Allcargo Terminals Limited,890228,,
INE835G01018,Alldigi Tech Limited,532633,ALLDIGI,
INE123D01024,Alliance Integrated Metaliks Limited,534064,,
INE552Z01027,Allied Blenders and Distillers Limited,544203,ABDL,
INE102I01027,Allied Digital Services Limited,532875,ADSL,
INE326B01035,Almondz Global Securities Limited,531400,ALMONDZ,
INE07I701011,Alna Trading & Exports Ltd.,506120,,
INE270A01029,Alok Industries Limited,521070,ALOKINDS,
INE385I01010,Alpa Laboratories Limited,532878,ALPA,
INE137C01018,Alphageo (India) Limited,526397,ALPHAGEO,
INE0NZF01019,ALPHALOGIC INDUSTRIES LIMITED,543937,,
INE08E401029,Alphalogic Techsys Limited,542770,,
INE840D01015,Alpine Housing Development Corporat,526519,,
INE058F01019,Alufluoride  Ltd.,524634,,
INE121R01077,Amagi Media Labs Limited,544679,AMAGI,
INE841D01013,Amal Ltd,506597,,
INE492N01022,Amalgamated Electricity Co. Ltd.,501622,,
INE0G1V01016,AMANAYA VENTURES LIMITED,543804,,
INE084K01015,Amanta Healthcare Limited,544502,AMANTA,
INE885A01032,Amara Raja Energy & Mobility Limited,500008,ARE&M,
INE484D01012,Amarjothi Spinning Mills Ltd,521097,,
INE745P01010,Amarnath Securities Ltd.,538465,,
INE829P01020,Amba Enterprises Ltd.,539196,,
INE432A01017,Ambalal Sarabhai Enterprises Limited,500009,AMBALALSA,Ambalal Sarabhai Enterprise Ltd.
INE072V01017,Ambar Protein Industries Limited,519471,,
INE342U01016,AMBASSADOR INTRA HOLDINGS LIMITED,542524,,
INE371P01015,Amber Enterprises India Limited,540902,AMBER,
INE792B01012,Ambica Agarbathies & Aroma industries Limited,532335,AMBICAAGAR,Ambica Agarbathies & Aroma Ind. Ltd.
INE540G01014,Ambika Cotton Mills Limited,531978,AMBIKCO,
INE267C01013,Ambitious Plastomac Ltd.,526439,,
INE0N6V01016,AMBO AGRITEC LIMITED,543678,,
INE079A01024,Ambuja Cements Limited,500425,AMBUJACEM,
INE924B01011,Amco India Ltd.,530133,,
INE005I01014,AMD Industries Limited,532828,AMDIND,
INE14QA01016,AMEENJI RUBBER LIMITED,544555,,
INE673C01020,AMERISE BIOSCIENCES LIMITED,531681,,
INE991A01020,Amforge Industries Ltd.,513117,,
INE0P9J01013,Amic Forging Limited,544037,,
INE572Z01017,AMIN TANNERY LIMITED,541771,,
INE275D01022,Amines & Plasticizers Limited,506248,AMNPLST,
INE05TO01019,Amir Chand Jagdish Kumar (Exports) Limited,544743,AMIRCHAND,
INE137E01014,Amit Securities Ltd.,531557,,
INE606A01024,Amj Land Holdings Limited,500343,AMJLAND,
INE0QSB01016,Amkay Products Limited,544169,,
INE989J01017,AMPVOLTS LIMITED,535719,,
INE218P01018,Amrapali Capital and Finance Services Limited,536737,,
INE990S01016,Amrapali Fincap Limited,539265,,
INE762C01021,Amrapali Industries Ltd,526241,,
INE735C01027,Amraworld Agrico Ltd.,531991,,
INE098F01031,Amrutanjan Health Care Limited,590006,AMRUTANJAN,
INE345U01019,AMS POLYMERS LIMITED,540066,,
INE0U2L01017,Amwill Health Care Limited,544353,,
INE134R01013,Anand Projects Ltd,501630,,
INE549H01021,Anand Rathi Share and Stock Brokers Limited,544530,ARSSBL,
INE463V01026,Anand Rathi Wealth Limited,543415,ANANDRATHI,
INE02GA01012,Anand Rayons Limited,542721,,
INE242C01024,Anant Raj Limited,515055,ANANTRAJ,
INE666E01020,Andhra Cements Limited,532141,ACL,Andhra Cement Ltd.
INE435A01051,ANDHRA PAPER LIMITED,502330,ANDHRAPAP,
INE714B01016,Andhra Petrochemicals Ltd.,500012,,
INE449C01025,Andrew Yule & Company Ltd,526173,,
INE236W01016,ANG Lifesciences India Limited,540694,,
INE339Z01011,Angel Fibers Limited,541006,,
INE732I01021,Angel One Limited,543235,ANGELONE,
INE087B01017,Anik Industries Limited,519383,ANIKINDS,
INE161F01011,ANIRIT VENTURES LIMITED,530705,,
IN9161F01019,ANIRIT VENTURES LIMITED,890231,,
INE283D01018,Anjani Finance Ltd,531878,,
INE096I01021,Anjani Foods Limited,511153,,
INE071F01012,Anjani Portland Cement Limited,518091,APCL,
INE364D01032,Anjani Synthetics Limited,531223,,
INE067C01025,Anka India Ltd.,531673,,
INE106I01010,Ankit Metal & Power Limited,532870,ANKITMETAL,
INE0Y8W01025,Anlon Healthcare Limited,544497,AHCL,
INE02AR01019,Anmol India Limited,542437,ANMOL,
INE336D01014,Anna Infrastructures Ltd,530799,,
INE075K01013,ANNVRRIDHHI VENTURES LIMITED,538539,,
IN9075K01029,ANNVRRIDHHI VENTURES LIMITED,890229,,
INE234J01018,ANS Limited,531406,,
INE030C01015,Ansal Buildwell Ltd.,523007,,
INE880B01015,ANSAL HOUSING LIMITED,507828,,
INE436A01026,Ansal Properties & Infrastructure Limited,500013,ANSALAPI,
INE414B01021,Antarctica Limited,,ANTGRAPHIC,
INE825M01017,ANTARIKSH INDUSTRIES LIMITED,501270,,
INE818A01017,Antelopus Selan Energy Limited,530075,ANTELOPUS,
INE0CZ201020,Anthem Biosciences Limited,544449,ANTHEM,
INE01BK01022,Antony Waste Handling Cell Limited,543254,AWHCL,
INE489G01022,Anuh Pharma Limited,506260,ANUHPHR,
INE069B01023,ANUPAM FINSERV LIMITED,530109,,
INE930P01018,Anupam Rasayan India Limited,543275,ANURAS,
INE490Z01012,Anuroop Packaging Limited,542865,,
INE372A01015,Apar Industries Limited,532259,APARINDS,
INE116A01032,Apcotex Industries Limited,523694,APCOTEXIND,
INE988S01028,Apeejay Surrendra Park Hotels Limited,544111,PARKHOTELS,
INE758W01019,APEX CAPITAL AND FINANCE LIMITED,541133,,
INE346W01013,Apex Frozen Foods Limited,540692,APEX,
INE070K01014,Apis India Ltd,506166,,
INE702C01027,APL Apollo Tubes Limited,533758,APLAPOLLO,
INE273A01015,Aplab Ltd.,517096,,
IN9273A01047,Aplab Ltd.,890217,,
INE170D01025,APM Industries Ltd.,523537,,
INE412D01013,Apollo Finvest (India) Ltd.,512437,,
INE437A01024,Apollo Hospitals Enterprise Limited,508869,APOLLOHOSP,Apollo Hospitals Enterprises Ltd.
INE314N01028,Apollo Ingredients Limited,503639,,
INE713T01028,Apollo Micro Systems Limited,540879,APOLLO,
INE126J01016,Apollo Pipes Limited,531761,APOLLOPIPE,
INE451F01024,Apollo Sindoori Hotels Limited,,APOLSINHOT,
INE0X4A01013,APOLLO TECHNO INDUSTRIES LIMITED,544671,,
INE438A01022,Apollo Tyres Limited,500877,APOLLOTYRE,
INE217S01014,Apoorva Leasing Finance & Investment Company Limited,539545,,
INE046E01025,Apt Packaging Ltd,506979,,
INE266F01018,Aptech Limited,532475,APTECHT,
INE15XJ01010,Aptus Pharma Limited,544529,,
INE852O01025,Aptus Value Housing Finance India Limited,543335,APTUS,
INE416A01051,Aqylon Nexus Limited,530943,AQYLON,
INE068C01015,Aravali Securities & Finance Ltd.,512344,,
INE202R01026,ARC Finance Limited,540135,,
INE276D01012,Arcee Indusrtries ltd.,520121,,
INE128X01021,Archean Chemical Industries Limited,543657,ACI,
INE0CHO01012,Archidply Decor Limited,543231,ADL,
INE877I01016,Archidply Industries Limited,532994,ARCHIDPLY,
INE731A01020,Archies Limited,532212,ARCHIES,
INE078I01011,Archit Organosys Limited,524640,,
INE372M01010,ARCL Organics Ltd,543993,,
INE955S01019,Arco Leasing Ltd.,511038,,
INE0LKP01014,Ardi Alliances Limited,504370,,
INE480H01011,Arex Industries Ltd.,526851,,
INE784R01023,Arfin India Limited,539151,ARFIN,
INE298I01015,Aries Agro Limited,532935,ARIES,
INE021N01011,ARIGATO UNIVERSE LIMITED,530267,,
INE420B01036,Arihant Capital Markets Limited,511605,ARIHANTCAP,
INE413D01011,Arihant Foundations & Housing Limited,531381,ARIHANT,
INE643K01018,Arihant Superstructures Limited,506194,ARIHANTSUP,
INE190D01015,Arihants Securities ltd.,531017,,
INE0H9P01028,Arisinfra Solutions Limited,544419,ARIS,
INE1D8001016,Aritas Vinyl Limited,544683,,
INE0QRL01017,Arkade Developers Limited,544261,ARKADE,
INE109C01017,Arman Financial Services Limited,531179,ARMANFIN,
INE510P01018,Arman Holdings Limited,538556,,
INE185K01036,Arnold Holdings Ltd,537069,,
INE210C01013,Aro Granite Industries Limited,513729,AROGRANITE,
INE570D01018,Arrow Greentech Limited,516064,ARROWGREEN,
INE0PP401015,Arrowhead Seperation Engineering Limited,544025,,
INE968D01022,Arshiya Limited,506074,ARSHIYA,
INE738V01013,Art Nirman Limited,,ARTNIRMAN,
INE885B01014,Artefact Projects Ltd,531297,,
INE757T01025,Artemis Electricals and Projects Limited,542670,AEPL,
INE025R01021,Artemis Medicare Services Limited,542919,ARTEMISMED,
INE072B01027,Artificial Electronics Intelligent Material Limited,526443,,
INE133D01023,ARTSON LIMITED,522134,,
INE957C01019,Aruna Hotels Ltd.,500016,,
INE485K01022,Arunjyoti Bio Ventures Limited,530881,,
INE006Z01016,Arvee Laboratories (India) Limited,,ARVEE,
INE955V01021,Arvind Fashions Limited,542484,ARVINDFASN,
INE034A01011,Arvind Limited,500101,ARVIND,
INE034S01021,Arvind SmartSpaces Limited,539301,ARVSMART,
INE229R01011,Aryaman Capital Markets Limited,538716,,
INE032E01017,Aryaman Financial Services Ltd.,530245,,
INE016X01010,Aryan Share & Stock Brokers Ltd.,542176,,
INE360S01012,ARYAVAN ENTERPRISE LIMITED,539455,,
INE439A01020,Asahi India Glass Limited,515030,ASAHIINDIA,
INE228I01012,Asahi Songwon Colors Limited,532853,ASAHISONG,
INE0DN001027,ASARFI HOSPITAL LIMITED,543943,,
INE0E4I01027,Ascensive Educare Limited,543443,,
INE767M01029,ASGARD ALCOBEV LIMITED,512025,,
INE348A01023,Ashapura Minechem Limited,527001,ASHAPURMIN,
INE05FR01029,Ashapuri Gold Ornament Limited,542579,,
INE709D01012,Ashiana Agro Industries Ltd,519174,,
INE365D01021,Ashiana Housing Limited,523716,ASHIANA,
INE094B01013,Ashika Credit Capital Limited,543766,ASHIKA,
INE440A01010,Ashima Limited,514286,ASHIMASYN,
INE894A01026,Ashirwad Capital Ltd.,512247,,
INE338C01012,Ashirwad Steels & Industries  Ltd.,526847,,
INE831C01016,Ashish Polyplast Ltd.,530429,,
INE694W01024,Ashnisha Industries Limited,541702,,
INE372I01018,Ashnoor Textiles Mills Ltd.,507872,,
INE208A01029,Ashok Leyland Limited,500477,ASHOKLEY,
INE442H01029,Ashoka Buildcon Limited,533271,ASHOKA,
INE760Y01011,Ashoka Metcast Limited,540923,ASHOKAMET,
INE293C01019,Ashram Online.com Ltd,526187,,
INE723K01018,Ashutosh Paper Mills Ltd.,531568,,
INE443A01030,ASI INDUSTRIES LIMITED,502015,,
INE131Q01011,ASIA CAPITAL LIMITED,538777,,
INE784M01016,Asia Pack Ltd.,530899,,
INE276G01015,Asian Energy Services Limited,530355,ASIANENE,
INE022I01019,Asian Granito India Limited,532888,ASIANTILES,
INE926K01017,Asian Hotels (East) Limited,533227,AHLEAST,
INE363A01022,Asian Hotels (North) Limited,500023,ASIANHOTNR,
INE915K01010,Asian Hotels (West) Limited,533221,AHLWEST,
INE021A01026,Asian Paints Limited,500820,ASIANPAINT,
INE810M01019,Asian Petroproducts & Exports Ltd.,524434,,
INE194D01017,Asian Star Company Limited,531847,ASTAR,Asian Star Co. Ltd.
INE822B01017,Asian Tea & Exports Ltd.,519532,,
INE04Z101016,Asian Warehousing Limited,543927,,
INE041B01014,Asit C Mehta Financial Services Limited,530723,,
INE491J01022,ASK Automotive Limited,544022,ASKAUTOLTD,
INE867C01010,ASM Technologies Ltd.,526433,,
INE991I01015,Aspinwall and Company Limited,,ASPINWALL,
INE500C01017,Aspira Pathlab & Diagnostics Limited,540788,,
INE165G01010,Assam Entrade Limited,542911,,
INE073G01016,Associated Alcohols & Breweries Ltd.,507526,ASALCBR,
INE771E01010,Associated Ceramics Ltd.,531168,,
INE0RIQ01013,Associated Coaters Limited,544183,,
INE0SJX01015,ASSTON PHARMACEUTICALS LIMITED,544445,,
INE307N01014,ASTAL LABORATORIES LIMITED,512600,,
INE563J01010,Astec LifeSciences Limited,533138,ASTEC,
INE914M01019,Aster DM Healthcare Limited,540975,ASTERDM,
INE0TG901011,ASTONEA LABS LIMITED,544409,,
INE386C01029,Astra Microwave Products Limited,532493,ASTRAMICRO,
INE006I01046,Astral Limited,532830,ASTRAL,
INE203A01020,AstraZeneca Pharma India Limited,506820,ASTRAZEN,
INE0RUY01012,Astron Multigrain Limited,544628,,
INE646X01014,Astron Paper & Board Mill Limited,540824,ASTRON,
INE508W01018,Asutosh Enterprise Ltd.,512433,,
INE0ALR01029,Atal Realtech Limited,543911,ATALREAL,
INE09KD01013,Atam Valves Limited,543236,ATAM,
INE0XCV01014,Aten Papers & Foam Limited,544417,,
INE354E01031,Atharv Enterprises Limited,530187,,
INE291R01011,Athena Constructions Limited,539099,,
INE576B01019,Athena Global Technologies Limited,517429,,
INE0LEZ01016,Ather Energy Limited,544397,ATHERENERG,
INE011R01013,Atishay Limited,538713,,
INE0Z4F01028,Atlanta Electricals Limited,544527,ATLANTAELE,
INE285H01022,ATLANTAA LIMITED,532759,ATLANTAA,
INE446A01025,Atlas Cycles (Haryana) Limited,505029,ATLASCYCLE,
INE951D01028,Atul Auto Limited,531795,ATULAUTO,
INE100A01010,Atul Limited,500027,ATUL,
INE447A01015,ATV Projects India Ltd,500028,,
INE219M01021,Atvo Enterprises Limited,532090,,
INE949L01017,AU Small Finance Bank Limited,540611,AUBANK,
INE1KVL01010,AUREATE TRADDE LIMITED,544772,,
INE925Y01036,Auri Grow India Limited,,AURIGROW,
INE132H01018,Aurionpro Solutions Limited,532668,AURIONPRO,
INE292C01011,Auro Laboratories Ltd.,530233,,
INE406A01037,Aurobindo Pharma Limited,524804,AUROPHARMA,
INE898S01029,Aurum PropTech Limited,539289,AURUM,
INE218C01016,Ausom Enterprise Limited,509009,AUSOMENT,
INE104201012,AUSTERE SYSTEMS LIMITED,544505,,
INE759F01012,Austin Engineering Co. Ltd.,522005,,
INE206F01022,Authum Investment & Infrastructure Limited,539177,AIIL,
INE18HI01019,Autofurnish Limited,544767,,
INE718H01014,Autoline Industries Limited,532797,AUTOIND,
INE451C01013,Automobile Corpn. of Goa Ltd.,505036,,
INE0NY101012,Automobile Products of India Ltd.,505032,,
INE449A01011,Automotive Axles Limited,505010,AUTOAXLES,
INE900C01027,Automotive Stampings and Assemblies Limited,520119,ASAL,
INE340U01010,Autoriders International Ltd,512277,,
INE349W01017,Avadh Sugar & Energy Limited,540649,AVADHSUGAR,
INE325G01010,Available Finance Ltd.,531310,,
INE0LCL01028,Avalon Technologies Limited,543896,AVALON,
INE758A01072,Avance Technologies Ltd.,512149,,
INE005B01027,Avantel Limited,532406,AVANTEL,
INE871C01038,Avanti Feeds Limited,512573,AVANTIFEED,
INE0NQ401024,Avax Apparels and Ornaments Limited,544337,,
INE09BN01011,Aveer Foods Limited,543737,,
INE192R01011,Avenue Supermarts Limited,540376,DMART,
INE483S01020,AvenuesAI Limited,539807,CCAVENUE,
INE680Z01018,AVG Logistics Limited,543910,AVG,
INE855F01042,Avio Smart Market Stack Limited,532694,ASMS,
INE461H01011,Aviva Industries Limited,512109,,
INE471D01019,Avon Mercantile Ltd.,512265,,
INE323B01024,Avonmore Capital & Management Services Limited,511589,AVONMORE,
INE652Z01025,AVRO INDIA LIMITED,543512,AVROIND,
INE488D01021,AVT Natural Products Limited,519105,AVTNPL,
INE108V01019,Awfis Space Solutions Limited,544181,AWFIS,
INE699H01024,AWL Agri Business Limited,543458,AWL,
INE197C01012,Axel Polymers Ltd.,513642,,
INE238A01034,Axis Bank Limited,532215,AXISBANK,
INF846K01Y96,Axis Mutual Fund,543347,,
INF846K01Z12,Axis Mutual Fund,543348,,
INF846K016C7,Axis Mutual Fund,543357,,
INF846K010Q0,Axis Mutual Fund,543853,,
INF846KA1119,Axis Mutual Fund,544382,,
INE555B01013,AXISCADES Technologies Limited,532395,AXISCADES,
INE02EZ01022,Axita Cotton Limited,542285,AXITA,
INE767C01012,Axtel Industries Ltd.,523850,,
INE501X01029,Aye Finance Limited,544699,AYE,
INE193B01039,AYM Syntex Limited,508933,AYMSYNTEX,
INE02IJ01035,Azad Engineering Limited,544061,AZAD,
INE566M01017,AZAD INDIA MOBILITY LIMITED,504731,,
INE0SCB01016,Aztec Fluids & Machinery Limited,544177,,
INE489D01011,B & A Limited,508136,BNALTD,
INE0IZQ01016,B-RIGHT REALESTATE LIMITED,543543,,
INE1LJ801017,B. D. Industries (Pune) Limited,544468,,
INE350H01032,B. L. Kashyap and Sons Limited,532719,BLKASHYAP,
INE116D01028,B.A.G Films and Media Limited,532507,BAGFILMS,B.A.G. Films & Media Ltd
INE905P01028,B.C. Power Controls Limited,537766,,
INE710D01028,B.N.Rathi Securities Ltd.,523019,,
INE00ST01011,B.R.GOYAL INFRASTRUCTURE LIMITED,544335,,
INE00FM01013,B&A Packaging India Limited,523186,,
INE01EE01011,B&B Triplewall Containers Limited,543668,BBTCL,
INE151B01011,B2B Software Technologies Ltd.,531268,,
INE01FR01028,Baazar Style Retail Limited,544243,STYLEBAAZA,
INE893A01036,Baba Arts Ltd,532380,,
INE711D01018,Bacil Pharma Ltd.,524516,,
INE878I01022,Bafna Pharmaceuticals Limited,532989,BAFNAPH,
INE1IJQ01026,BAI-KAKAJI POLYMERS LIMITED,544670,,
INE020D01022,Baid Finserv Limited,511724,BAIDFIN,
INE917I01010,Bajaj Auto Limited,532977,BAJAJ-AUTO,
INE933K01021,Bajaj Consumer Care Limited,533229,BAJAJCON,
INE193E01025,Bajaj Electricals Limited,500031,BAJAJELEC,
INE296A01032,Bajaj Finance Limited,500034,BAJFINANCE,
INE918I01026,Bajaj Finserv Limited,532978,BAJAJFINSV,
INF0QA701722,Bajaj Finserv Mutual Fund,544092,,
INF0QA701714,Bajaj Finserv Mutual Fund,544093,,
INE553H01015,Bajaj Global Ltd,512261,,
INE411U01027,Bajaj Healthcare Limited,539872,BAJAJHCARE,
INE306A01021,Bajaj Hindusthan Sugar Limited,500032,BAJAJHIND,
INE118A01012,Bajaj Holdings & Investment Limited,500490,BAJAJHLDNG,
INE377Y01014,Bajaj Housing Finance Limited,544252,BAJAJHFL,
INE704G01024,Bajaj Steel Industries Limited,507944,BAJAJST,
INE0KQN01018,Bajel Projects Limited,544042,BAJEL,
INE083D01012,Bal Pharma Limited,524824,BALPHARMA,
INE050E01027,Balaji Amines Limited,530999,BALAMINES,
INE794B01026,Balaji Telefilms Limited,532382,BALAJITELE,
INE618N01022,BALAXI PHARMACEUTICALS LIMITED,,BALAXI,
INE119R01014,Balgopal Commercial limited,539834,,
INE787D01026,Balkrishna Industries Limited,502355,BALKRISIND,
INE875R01011,Balkrishna Paper Mills Limited,539251,BALKRISHNA,
INE164A01016,Balmer Lawrie & Company Limited,523319,BALMLAWRIE,Balmer Lawrie & Co. Ltd.
INE525F01025,Balmer Lawrie Investments Limited,532485,BLIL,
INE119A01028,Balrampur Chini Mills Limited,500038,BALRAMCHIN,
INE011E01029,Balu Forge Industries Limited,531112,BALUFORGE,
INE654B01014,Balurghat Technologies Ltd.,520127,,
INE921D01013,Bambino Agro Industries Ltd,519295,,
INE802A01037,Bampsl Securities Ltd.,531591,,
INE655B01011,Banaras Beads Limited,526849,BANARBEADS,
INE521L01030,Banas Finance Limited,509053,,
INE213C01025,Banco Products (I) Limited,500039,BANCOINDIA,Banco Products (India) Ltd.
INE875N01036,BANDARAM PHARMA PACKTECH LIMITED,524602,,
INE545U01014,Bandhan Bank Limited,541153,BANDHANBNK,
INF194KA1T91,Bandhan Mutual Fund,540154,,
INF194K30010,Bandhan Mutual Fund,544689,,
INF194K30051,Bandhan Mutual Fund,544690,,
INF194K30184,Bandhan Mutual Fund,544691,,
INF194K30242,Bandhan Mutual Fund,544692,,
INF194K30259,Bandhan Mutual Fund,544749,,
INE863I01016,Bang Overseas Limited,532946,BANG,
INE028A01039,Bank of Baroda,532134,BANKBARODA,
INE084A01016,Bank of India,532149,BANKINDIA,
INE457A01014,Bank of Maharashtra,532525,MAHABANK,
INE862Y01015,Banka BioLoo Limited,,BANKA,
INE186H01022,Bannari Amman Spinning Mills Limited,532674,BASML,
INE459A01010,Bannari Amman Sugars Limited,500041,BANARISUG,
INE319Q01012,Bansal Roofing Products Limited,538546,,
INE0B9K01025,Bansal Wire Industries Limited,544209,BANSALWIRE,
INE856E01019,Bansisons Tea Industries Ltd.,519353,,
INE629D01020,Banswara Syntex Limited,503722,BANSWRAS,
INE139I01011,Barak Valley Cements Limited,532916,BVCL,
INF251K01TL6,BARODA BNP PARIBAS MUTUAL FUND,544196,,
INE927K01023,Baroda Extrusion Ltd.,513502,,
INE461A01024,Baroda Rayon Corpn. Ltd.,500270,,
INE473E01021,Basant Agro-Tech (India) Ltd.,524687,,
INE373A01013,BASF India Limited,500042,BASF,
INE176A01028,Bata India Limited,500043,BATAINDIA,
INE177C01022,Batliboi Limited,522004,BATLIBOI,
INE462A01022,Bayer Cropscience Limited,506285,BAYERCROP,
INE217E01014,Bazel International Limited,539946,,
INE788D01016,BCC Fuba India Ltd.,517246,,
INE368E01023,BCL Enterprises Limited,539621,,
INE412G01024,Bcl Industries Limited,524332,BCLIND,
INE00SW01015,BCPL Railway Infrastructure Limited,542057,BCPL,
INE278D01018,BDH Industries Ltd.,524828,,
INE520H01022,Beardsell Limited,,BEARDSELL,
INE844K01012,Bedmutha Industries Limited,533270,BEDMUTHA,
INE213D01015,Beekay Steel Industries Limited,539018,BEEKAY,
INE052B01011,Beeyu Overseas Ltd.,532645,,
INE13VU01016,Beezaasan Explotech Limited,544369,,
INE425F01028,BEFOUND MOVEMENT LIMITED,511585,,
INE363L01045,BELDING INDIA LIMITED,513307,,
INE344T01014,Bella Casa Fashion & Retail Limited,539399,BELLACASA,
INE894V01022,Belrise Industries Limited,544405,BELRISE,
INE142E01022,Bemco Hydraulics Ltd.,522650,,
INE0N7W01012,BEML Land Assets Limited,543898,BLAL,
INE258A01024,BEML Limited,500048,BEML,
INE495Z01011,Benara Bearings and Pistons Limited,541178,,
INE664D01019,Benares Hotels Ltd,509438,,
INE0Q2Z01013,Benchmark Computer Solutions Limited,544052,,
INE083K01017,Bengal & Assam Company Limited,533095,BENGALASM,
INE523W01017,Bengal Steel Industries Ltd.,512404,,
INE665D01016,Bengal Tea & fabrics Ltd.,532230,,
INE496M01017,Bentley Commercial Enterprises Ltd.,512195,,
INE463A01038,Berger Paints (I) Limited,509480,BERGEPAINT,Berger Paints India Ltd
INE348I01018,Bervin Investments And Leasing Ltd.,531340,,
INE415H01017,Beryl Drugs Ltd.,524606,,
INE508J01015,Beryl Securities Ltd,531582,,
INE052T01021,Best Agrolife Limited,539660,BESTAGRO,
INE553F01035,Best Eastern Hotels Limited,508664,,
INE351Y01019,Beta Drugs Limited,,BETA,
INE765L01017,Betex India Ltd.,512477,,
INE878K01010,BF Investment Limited,533303,BFINVEST,
INE243D01012,BF Utilities Limited,532430,BFUTILITIE,
INE948Q01018,BFL Asset Finvest Limited,539662,,
INE443D01018,BGIL Films & Technologies Ltd,511664,,
INE661I01014,BGR Energy Systems Limited,532930,BGRENERGY,
INE099C01010,Bhagawati Gas Limited,500051,,
INE354C01027,Bhageria Industries Limited,530803,BHAGERIA,
INE414D01027,Bhagiradha Chemicals & Industries Limited,531719,BHAGCHEM,Bhagiradha Chemicals and Industries
INE106G01014,Bhagwati Autocast Limited,504646,,
INE026I01010,Bhagwati Oxygen Ltd.,509449,,
INE458B01036,Bhagyanagar India Limited,512296,BHAGYANGR,
INE474E01029,Bhandari Hosiery Exports Limited,512608,BHANDARI,
INE336Q01016,Bhanderi Infracon Limited,538576,,
INE922A01025,Bhansali Engineering Polymers Limited,500052,BEPL,
INE842D01029,Bharat Agri Fert and Realty Ltd,531862,,
INE900A01013,BHARAT BHUSHAN FINANCE & COMMODITY BROKERS LIMITED,511501,,
INE464A01036,Bharat Bijlee Limited,503960,BBL,
INE05XR01022,Bharat Coking Coal Limited,544678,BHARATCOAL,
INE171Z01026,Bharat Dynamics Limited,541143,BDL,
INE263A01024,Bharat Electronics Limited,500049,BEL,
INE465A01025,Bharat Forge Limited,500493,BHARATFORG,
INE561C01019,Bharat Gears Limited,505688,BHARATGEAR,
INE893C01032,BHARAT GLOBAL DEVELOPERS LIMITED,521238,,
INE257A01026,Bharat Heavy Electricals Limited,500103,BHEL,
INE994B01014,Bharat Immunologicals & Biologicals,524663,,
INE365Y01019,Bharat Parenterals Limited,541096,,
INE029A01011,Bharat Petroleum Corporation Limited,500547,BPCL,Bharat Petroleum Corpn. Ltd.
INE838B01021,Bharat Rasayan Limited,590021,BHARATRAS,
INE727S01012,Bharat Road Network Limited,540700,BRNL,
INE415D01024,Bharat Seats Limited,523229,BHARATSE,
INE316L01019,Bharat Wire Ropes Limited,539799,BHARATWIRE,
INE0QMV01017,BHARATROHAN AIRBORNE INNOVATIONS LIMITED,544535,,
INE397D01024,Bharti Airtel Limited,532454,BHARTIARTL,
INE343G01021,Bharti Hexacom Limited,544162,BHARTIHEXA,
INE828A01016,Bhartiya International Limited,526666,BIL,
INE972C01018,Bhaskar Agrochemicals Ltd.,524534,,
INE0KQ001017,Bhatia Colour Chem Limited,543497,,
INE341Z01025,Bhatia Communications & Retail (India) Limited,540956,,
INE18PB01017,BHAVIK ENTERPRISES LIMITED,544551,,
INE436C01014,Bhilwara Spinners Ltd,514272,,
INE274K01012,Bhilwara Technical Textiles Limited,533108,BTTL,
INE432N01010,BHUDEVI INFRA PROJECTS LIMITED,526488,,
INE412U01025,Bigbloc Construction Limited,540061,BIGBLOC,
INE819C01011,Bihar Sponge Iron Ltd,500058,,
INE00E101023,Bikaji Foods International Limited,543653,BIKAJI,
INE071A01013,BIL VYAPAR LIMITED,500059,BILVYAPAR,
INE986A01012,Bilcare Limited,526853,BI,
INE0HOQ01053,Billionbrains Garage Ventures Limited,544603,GROWW,
INE0CRS01012,Billwin Industries Limited,543209,,
INE469A01019,Bimetal Bearings Limited,505681,BIMETAL,
INE626H01019,Binayak Tex Processors  Ltd.,523054,,
INE564V01013,Bindal Exports Limited,540148,,
INE376G01013,Biocon Limited,532523,BIOCON,
INE829A01014,Biofil Chemicals & Pharmaceuticals Limited,524396,BIOFILCHEM,
INE703D01023,BIOGEN PHARMACHEM INDUSTRIES LIMITED,531752,,
INE800A01015,Birla Cable Limited,500060,BIRLACABLE,
INE340A01012,Birla Corporation Limited,500335,BIRLACORPN,
INE372E01025,Birla Precision Technologies Limited,522105,BIRLAPREC,
INE557A01011,BirlaNu Limited,509675,BIRLANU,
INE836A01035,BIRLASOFT LIMITED,532400,BSOFT,
INE839A01021,BITS Ltd,526709,,
INE0OJ401014,Bizotic Commercial Limited,543926,,
INE356C01022,BKV Industries Ltd.,519500,,
INE676A01027,Black Box Limited,500463,BBOX,
INE761G01016,Black Rose Inds. Limited,514183,BLACKROSE,Black Rose Industries Ltd
INE0UIZ01018,BLACKBUCK LIMITED,544288,BLACKBUCK,
INE791A01024,BLB Limited,532290,BLBLIMITED,
INE416D01022,Bliss GVS Pharma Limited,506197,BLISSGVS,
INE253C01013,Bloom Dekor Ltd.,526225,,
INE373E01015,Bloom Industries Ltd,513422,,
INE0NLT01010,BLS E-Services Limited,544107,BLSE,
INE153T01027,BLS International Services Limited,540073,BLS,
INE0W4K01013,BLT Logistics Limited,544474,,
INE472D01017,Blue Chip Tex Industries Ltd.,506981,,
INE373T01047,Blue Cloud Softech Solutions Limited,539607,,
INE472B01011,Blue Coast Hotels Limited,531495,BLUECOAST,
INE233B01017,Blue Dart Express Limited,526612,BLUEDART,
INE0KBH01020,Blue Jet Healthcare Limited,544009,BLUEJET,
INE439N01031,Blue Pearl Agriventures Limited,514440,,
INE472A01039,Blue Star Limited,500067,BLUESTARCO,
INE304W01038,BlueStone Jewellery and Lifestyle Limited,544484,BLUESTONE,
INE0U4101014,Bluspring Enterprises Limited,544414,BLUSPRING,
INE644K01016,BMB Music & Magnetics Ltd.,531420,,
INE374E01021,BMW INDUSTRIES LIMITED,542669,,
INE965W01036,BMW Ventures Limited,544543,BMWVENTLTD,
INE00HZ01011,BN Agrochem Limited,526125,BNAGROCHEM,
INE355C01016,BNR Udyog Ltd.,530809,,
INE338D01028,Bodal Chemicals Limited,524370,BODALCHEM,
INE0EEJ01023,Bodhi Tree Multimedia Limited,543767,BTML,
INE104F01029,Bodhtree Consulting Limited,539122,,
INE802W01023,Bohra Industries Limited,,BOHRAIND,
INE691K01017,Bombay Cycle & Motor Agency Ltd.,501430,,
INE032A01023,Bombay Dyeing & Mfg Company Limited,500020,BOMDYEING,Bombay Dyeing & Mfg. Co. Ltd.
INE01TL01014,BOMBAY OXYGEN INVESTMENTS LIMITED,509470,,
INE032Z01020,Bombay Super Hybrid Seeds Limited,544757,BSHSL,
INE910D01024,BOMBAY TALKIES LIMITED,511246,,
INE089T01023,Bombay Wire Ropes Ltd.,504648,,
INE0Q8P01029,Bondada Engineering Limited,543971,,
INE0B9A01018,Bonlon Industries Limited,543211,BONLON,
INE16SF01016,Borana Weaves Limited,544404,BORANA,
INE02PY01013,Borosil Limited,543212,BOROLTD,
INE666D01022,BOROSIL RENEWABLES LIMITED,502219,BORORENEW,
INE02L001032,Borosil Scientific Limited,544184,BOROSCI,
INE782A01015,BOSCH HOME COMFORT INDIA LIMITED,523398,BOSCH-HCIL,
INE323A01026,Bosch Limited,500530,BOSCHLTD,
INE109B01019,BOSTON COMMERCE LIMITED,531458,,
INE583M01012,Bothra Metals & Alloys Limited,535279,,
INE110A01019,BPL Limited,500074,BPL,
INE856A01017,Brady & Morris Engineering Co. Ltd.,505690,,
INE320I01017,BRAHMAPUTRA INFRASTRUCTURE LIMITED,535693,,
INE02RE01045,Brainbees Solutions Limited,544226,FIRSTCRY,
INE977Y01011,Brand Concepts Limited,543442,BCONCEPTS,
INE899B01015,Brawn Biotech Limited,530207,,
INE958C01025,Bridge Securities Ltd.,530249,,
INE791I01019,Brigade Enterprises Limited,532929,BRIGADE,
INE03NU01014,Brigade Hotel Ventures Limited,544457,BRIGHOTEL,
INE630D01010,Bright Brothers Ltd.,526731,,
INE0OMI01019,Bright Outdoor Media Limited,543831,,
INE425B01027,Brightcom Group Limited,532368,BCG,
INE957E01031,Brijlaxmi Leasing & Finance ltd.,532113,,
INE661F01010,Brilliant Portfolios Ltd.,539434,,
INE0Q6L01014,Brisk Technovision Limited,544101,,
INE216A01030,Britannia Industries Limited,500825,BRITANNIA,
INE0SFZ01018,BROACH LIFECARE HOSPITAL LIMITED,544231,,
INE650L01011,Brooks Laboratories Limited,533543,BROOKS,
INE118H01025,BSE Limited,,BSE,
INE395A01016,BSEL ALGO LIMITED,532123,,
INE594B01012,BSL Limited,514045,BSL,
INE295F01017,Butterfly Gandhimathi Appliances Limited,517421,BUTTERFLY,
INE0BV301023,C.E. Info Systems Limited,543425,MAPMYINDIA,
INE557D01015,C.J. Gelatine Products Ltd.,507515,,
INE216C01010,Calcom Vision Ltd.,517236,,
INE526B01014,California Software Company Limited,532386,CALSOFT,California Software Co. Ltd.
INE714Q01014,Callista Industries Limited,539335,,
INE627H01017,Cambridge Technology Enterprises Limited,532801,CTE,
INE198C01010,Camex  Ltd.,524440,,
INE052I01032,Camlin Fine Sciences Limited,532834,CAMLINFINE,
INE278Y01022,Campus Activewear Limited,543523,CAMPUS,
INE477A01020,Can Fin Homes Limited,511196,CANFINHOME,
INE476A01022,Canara Bank,532483,CANBK,
INE01TY01017,Canara HSBC Life Insurance Company Limited,544583,CANHLIFE,
INE218I01013,Canara Robeco Asset Management Company Limited,544580,CRAMC,
INE713D01055,CANDOUR TECHTEX LIMITED,522292,,
INE068L01024,Cantabil Retail India Limited,533267,CANTABIL,
INE264T01014,Capacit'e Infraprojects Limited,540710,CAPACITE,
INE0ILV01024,Capillary Technologies India Limited,544614,CAPILLARY,
INE345H01024,Capital India Finance Limited,530879,CIFL,
INE646H01017,Capital Small Finance Bank Limited,544120,CAPITALSFB,
INE172D01021,Capital Trade Links Limited,538476,,
INE707C01018,Capital Trust Limited,511505,CAPTRUST,
INE0WXM01011,CAPITALNUMBERS INFOTECH  LIMITED,544343,,
INE475E01026,Caplin Point Laboratories Limited,524742,CAPLIPOINT,
INE180C01042,Capri Global Capital Limited,531595,CGCL,
INE479A01018,Caprihans India Ltd.,509486,,
INE470N01010,Caprolactam Chemicals ltd.,507486,,
INE513R01026,Captain Pipes Limited,538817,,
INE536P01021,CAPTAIN POLYPLAST LIMITED,536974,,
INE931X01010,Captain Technocast Limited,540652,,
INE120A01034,Carborundum Universal Limited,513375,CARBORUNIV,
INE752H01013,CARE Ratings Limited,534804,CARERATING,
INE0P6P01016,Career Point Edutech Limited,544499,CPEDU,
INE0KZM01011,Cargosol Logistics Limited,543621,,
INE0M4L01013,Cargotrans Maritime Limited,543618,,
INE0V7W01012,Carraro India Limited,544320,CARRARO,
INE290S01011,Cartrade Tech Limited,543333,CARTRADE,
INE482D01024,CARYSIL LIMITED,524091,CARYSIL,
INE176N01039,CASPIAN CORPORATE SERVICES LIMITED,534732,,
INE172A01027,Castrol India Limited,500870,CASTROLIND,
INE660B01011,Catvision Limited,531158,,
INE778E01031,CCL International Ltd,531900,,
INE421D01022,CCL Products (India) Limited,519600,CCL,
INE194N01016,CCME GLOBAL LIMITED,514336,,
INE198N01017,CDG PETCHEM LIMITED,534796,,
INE482A01020,CEAT Limited,500878,CEATLTD,
INE358C01010,Ceejay Finance Limited,530789,,
INE418D01010,Ceenik Exports (india) Ltd.,531119,,
INE760J01012,Ceeta Industries Ltd.,514171,,
INE0AG901020,Ceigall India Limited,544223,CEIGALL,
INE016Q01014,Ceinsys Tech Limited,538734,CEINSYS,
INE185H01016,Celebrity Fashions Limited,532695,CELEBRITY,
INE266H01014,CELLA SPACE LIMITED,532701,,
INE0LMW01024,Cello World Limited,544012,CELLO,
INE222B01028,CEMANTIC INFRA-TECH LIMITED,538596,,
INE686A01026,Cemindia Projects Limited,509496,CEMPRO,
INE627F01011,Cenlub Industries Ltd.,522251,,
INE405H01018,Centenial Surgical Suture Ltd.,531380,,
INE483A01010,Central Bank of India,532885,CENTRALBK,
INE736A01011,Central Depository Services (India) Limited,,CDSL,
INE05HV01027,Central Mine Planning & Design Institute Limited,544739,CMPDI,
INE660C01027,Centrum Capital Limited,501150,CENTRUM,
INE320B01020,Centum Electronics Limited,517544,CENTUM,
INE396H01019,CENTUPLE GLOBAL LIMITED,531099,,
INE485A01015,Century Enka Limited,500280,CENTENKA,
INE281A01026,Century Extrusions Limited,500083,CENTEXT,
INE348B01021,Century Plyboards (India) Limited,532548,CENTURYPLY,
INE739E01017,Cera Sanitaryware Limited,532443,CERA,
INE345B01019,Cerebra Integrated Technologies Limited,532413,CEREBRAINT,
INE486A01021,CESC Limited,500084,CESC,
INE0NJ001013,CFF FLUID CONTROL LIMITED,543920,,
INE067A01029,CG Power and Industrial Solutions Limited,500093,CGPOWER,
INE084D01010,Cg-Vak Software & Exports Ltd.,531489,,
INE669W01018,Chadha Papers Ltd.,531946,,
INE427F01016,Chalet Hotels Limited,542399,CHALET,
INE807A01010,CHALLANI CAPITAL LIMITED,530747,,
INE419D01026,Chaman Lal Setia Exports Limited,530307,CLSEL,
INE417N01011,Chambal Breweries & Distilleries Li,512301,,
INE085A01013,Chambal Fertilizers & Chemicals Limited,500085,CHAMBLFERT,Chambal Fertilisers & Chemicals Ltd
INE01GZ01011,Chandni Machines Limited,542627,,
INE07QQ01016,Chandra Bhagat Pharma Limited,542934,,
INE368D01025,Chandra Prabhu International Ltd.,530309,,
INE371F01024,Chandrima Mercantiles limited,540829,,
INE953B01010,Chartered Capital & Investment Ltd.,511696,,
INE558F01026,Chartered Logistics Ltd,531977,,
INE0AH901011,CHATHA FOODS LIMITED,544151,,
INE1B4801017,Chatterbox Technologies Limited,544546,,
INE043U01010,CHD Chemicals Limited,539800,,
INE0TGX01019,Chembond Chemicals Limited,544450,CHEMBONDCH,
INE995D01025,Chembond Material Technologies Limited,530871,CHEMBOND,
INE03YM01018,Chemcon Speciality Chemicals Limited,543233,CHEMCON,
INE298W01016,Chemcrux Enterprises Limited,540395,,
INE783X01023,Chemfab Alkalis Limited,541269,CHEMFAB,
INE829R01018,Chemiesynth (Vapi) Limited,539230,,
INE0VWL01017,Chemkart India Limited,544442,,
INE488A01050,Chemplast Sanmar Limited,543336,CHEMPLASTS,
INE212P01011,CHEMTECH INDUSTRIAL VALVES LIMITED,537326,,
INE777O01016,CHENNAI FERROUS INDUSTRIES LIMITED,539011,,
INE889F01017,Chennai Meenakshi Multispeciality Hospital Ltd.,523489,,
INE178A01016,Chennai Petroleum Corporation Limited,500110,CHENNPETRO,
INE974B01016,Cheviot Company Limited,526817,CHEVIOT,
INE12P101018,Chiraharit Limited,544561,,
INE790D01020,CHL Limited,532992,,
INE102B01014,Choice International Limited,531358,CHOICEIN,
INE865B01016,CHOKSI ASIA LIMITED,530427,,
INE493D01013,Choksi Laboratories Ltd.,526546,,
INE149A01033,Cholamandalam Financial Holdings Limited,504973,CHOLAHLDNG,
INE121A01024,Cholamandalam Investment and Finance Company Limited,511243,CHOLAFIN,
INE975C01011,Chordia Food Products Ltd,519475,,
INE344X01016,CHOTHANI FOODS LIMITED,540681,,
INE490A01015,Chowgule Steamships Ltd.,501833,,
INE114E01013,Chrome Silicon Limited,513005,,
INE052V01019,CIAN Agro Industries & Infrastructure Limited,519477,,
INE05BN01027,Cian Healthcare Limited,542678,,
INE536H01010,CIE Automotive India Limited,532756,CIEINDIA,
INE830A01012,Cil Securities Ltd.,530829,,
INE897D01015,Cindrella Financial Services Ltd.,531283,,
INE908C01012,Cindrella Hotels Ltd.,526373,,
INE704H01022,Cineline India Limited,532807,CINELINE,
INE039B01026,Cinevista Limited,532324,CINEVISTA,
INE059A01026,Cipla Limited,500087,CIPLA,
INE906D01014,Citadel Realty And Developers Limited,502445,,
INE0A8401016,Citichem India Limited,544324,,
INE494D01011,Citiport Financial Services Ltd.,531235,,
INE0M7501019,CITY CROPS AGRO LIMITED,544000,,
INE158C01014,City Online Services Limited,538674,,
INE056001014,CITY PULSE MULTIVENTURES LIMITED,542727,,
INE491A01021,City Union Bank Limited,532210,CUB,
INE117C01010,Cityman Limited,521210,,
INE201M01029,CL Educate Limited,540403,CLEDUCATE,
INE0JJS01014,CLARA INDUSTRIES LIMITED,543435,,
INE02BR01017,Classic Electricals Ltd.,512213,,
INE949C01016,Classic Leasing & Finance Ltd.,540481,,
INE647U01026,Clean Max Enviro Energy Solutions Limited,544717,CLEANMAX,
INE227W01023,Clean Science and Technology Limited,543318,CLEAN,
INE0QMR01015,Clinitech Laboratory Limited,544220,,
INE011B01017,Clio Infotech Ltd.,530839,,
INE0WDX01010,CLN ENERGY LIMITED,544347,,
INE00WV01027,CMR Green Technologies Limited,544777,CMRGREEN,
INE925R01014,CMS Info Systems Limited,543441,CMSINFO,
INE027F01014,CMX HOLDINGS LIMITED,532217,,
INE522F01014,Coal India Limited,533278,COALINDIA,
INE377E01024,Coastal Corporation Limited,501831,COASTCORP,
INE229E01019,Coastal Roadways Ltd.,520131,,
INE788M01017,Cochin Malabar Estates & Indus. Ltd,508571,,
INE105D01013,Cochin Minerals & Rutile Ltd.,513353,,
INE704P01025,Cochin Shipyard Limited,540678,COCHINSHIP,
INE335K01011,Coffee Day Enterprises Limited,539436,COFFEEDAY,
INE591G01025,Coforge Limited,532541,COFORGE,
INE03QK01018,Cohance Lifesciences Limited,543064,COHANCE,
INE259A01022,Colgate Palmolive (India) Limited,500830,COLPAL,
INE923C01011,Colinz Laboratories ltd.,531210,,
INE621I01042,COLORCHIPS NEW MEDIA LIMITED,540023,,
INE456N01019,Comfort Commotrade Limited,534691,,
INE274M01026,COMFORT FINCAP LIMITED,535267,,
INE819A01049,Comfort Intech Limited,531216,COMFINTE,
INE0LKQ01012,Command Polymers Limited,543843,,
INE073V01015,Commercial Syn Bags Limited,539986,COMSYN,
INE823B01015,Competent Automobiles Co. Ltd.,531041,,
INE070C01037,Compuage Infocom Limited,532456,COMPINFO,
INE453B01029,Compucom Software Limited,532339,COMPUSOFT,Compucom Software Lt.
INE596I01020,Computer Age Management Services Limited,543232,CAMS,
INE607B01012,Computer Point Ltd.,507833,,
INE0NXA01015,Comrade Appliances Limited,543921,,
INE714D01020,Conart Engineers Ltd.,522231,,
INE338H01029,Concord Biotech Limited,543960,CONCORDBIO,
INE0N0J01014,Concord Control Systems Limited,543619,,
INE858L01010,Concord Drugs Limited,538965,,
INE037Z01029,Concord Enviro Systems Limited,544315,CEWATER,
INE700F01024,CONFIDENCE FUTURISTIC ENERGETECH LIMITED,539991,,
INE552D01024,Confidence Petroleum India Limited,526829,CONFIPET,
INE187R01029,Consecutive Commodities Limited,539091,,
INE429I01024,Consolidated Construction Consortium Limited,532902,CCCL,
INE025A01027,Consolidated Finvest & Holdings Limited,,CONSOFINVT,
INE537B01011,CONSTRONICS INFRA LIMITED,523844,,
INE0M8901010,CONTAINE TECHNOLOGIES LIMITED,543606,,
INE111A01025,Container Corporation of India Limited,531344,CONCOR,
INE319U01022,Containerway International Limited,540597,,
INE080G01029,Contil India Limited,531067,,
INE423K01015,Continental Chemicals Ltd.,506935,,
INE545B01022,Continental Controls Ltd.,531460,,
INE369D01023,Continental Petroleums Ltd.,523232,,
INE183Q01020,Continental Securities Limited,538868,,
INE663B01015,Control Print Limited,522295,CONTROLPR,Control Print (India) Ltd.
INE558D01021,Coral India Finance & Housing Limited,531556,CORALFINAC,Coral India Finance And Housing Ltd
INE683E01017,Coral Laboratories Ltd.,524506,,
INE715D01019,Coral Newsprints Ltd.,530755,,
INE792I01017,Cords Cable Industries Limited,532941,CORDSCABLE,
INE495D01018,Coromandel Agro Products & Oils Ltd,507543,,
INE312J01012,Coromandel Engineering Company Limited,533167,,
INE169A01031,Coromandel International Limited,506395,COROMANDEL,
INE02ZQ01018,CORONA Remedies Limited,544644,CORONA,
INE850R01014,Corporate Merchant Bankers Limited,540199,,
INE949B01018,Cosco (India) ltd.,530545,,
INE0ORA01015,Cosmic CRF Limited,543928,,
INE124B01018,Cosmo Ferrites Ltd.,523100,,
INE757A01017,COSMO FIRST LIMITED,508814,COSMOFIRST,
INE0CQB01010,Cospower Engineering Limited,543172,,
INE029B01019,COSYN Limited,538922,,
INE652F01027,Country Club Hospitality & Holidays Limited,526550,CCHHL,
INE695B01025,Country Condo's Limited,531624,COUNCODOS,
INE0R8101016,COVANCE SOFTSOL LIMITED,544361,,
INE521J01018,CP Capital Limited,533260,CPCAP,
INE218T01010,CRAFTROOT RETAIL LIMITED,526349,,
INE00LO01017,Craftsman Automation Limited,543276,CRAFTSMAN,
INE176L01017,Crane Infrastructure Limited,538770,,
INE234B01023,Cranes Software International Ltd.,512093,,
INE608B01010,Cranex Ltd.,522001,,
INE145E01017,Cravatex Ltd.,509472,,
INE146E01015,Creative Castings Limited,539527,,
INE230B01021,Creative Eye Limited,532392,CREATIVEYE,
INE985W01018,Creative Newtech Limited,544631,CNL,
INE727C01024,CREDENT GLOBAL FINANCE LIMITED,539598,,
INE741K01010,CREDITACCESS GRAMEEN LIMITED,541770,CREDITACC,
INE220Q01020,Credo Brands Marketing Limited,544058,MUFTI,
INE754C01010,Crescentis Capital Limited,511571,,
INE716D01033,CRESSANDA RAILWAY SOLUTIONS LIMITED,512379,,
INE559D01011,Crest Ventures Limited,511413,CREST,
INE293N01016,Crestchem Ltd.,526269,,
INE318P01016,Crimson Metal Engineering Company Ltd,526977,,
INE007A01025,Crisil Limited,500092,CRISIL,
INE0S4R01014,Crizac Limited,544439,CRIZAC,
INE587J01027,CROISSANCE LIMITED,531909,,
INE299U01018,Crompton Greaves Consumer Electricals Limited,539876,CROMPTON,
INE293E01031,CROPSTER AGRO LIMITED,523105,,
INE491V01019,Crown Lifters Limited,,CROWN,
INE0TL001013,CRYOGENIC OGS LIMITED,544440,,
INE994R01028,CRYSTAL BUSINESS SYSTEM LIMITED,540821,,
INE679A01013,CSB Bank Limited,542867,CSBBANK,
INE718F01018,CSL Finance Limited,530067,CSLFINANCE,
INE144D01012,Cubex Tubings Limited,526027,CUBEXTUB,
INE717D01023,Cubical Financial Services Ltd.,511710,,
INE298A01020,Cummins India Limited,500480,CUMMINSIND,
INE108G01010,CUPID BREWERIES AND DISTILLERIES LIMITED,512361,,
INE509F01029,Cupid Limited,530843,CUPID,
INE117B01020,Cura Technologies Limited,532332,CURAA,
INE0H8H01019,CWD Limited,543378,,
INE183D01010,Cybele  Industries Limited,531472,,
INE278G01037,Cyber Media (India) Limited,532640,CYBERMEDIA,
INE214A01019,Cybertech Systems And Software Limited,532173,CYBERTECH,
INE055S01018,Cyient DLM Limited,543933,CYIENTDLM,
INE136B01020,Cyient Limited,532175,CYIENT,
INE589D01018,D & H India Limited,517514,,
INE864X01013,D P Wires Limited,543962,DPWIRES,
INE250K01012,D-Link (India) Limited,533146,DLINKINDIA,
INE266Y01019,D. P. Abhushan Limited,544161,DPABHUSHAN,
INE950I01011,D.B.Corp Limited,533151,DBCORP,
INE016A01026,Dabur India Limited,500096,DABUR,
INE1F9M01018,Dachepalli Publishers Limited,544667,,
INE928C01010,Dai-Ichi Karkaria Limited,526821,DAICHI,
INE789B01018,Daikaffil Chemicals India Ltd.,530825,,
INE422D01012,Dalal Street Investments Ltd.,501148,,
INE00R701025,Dalmia Bharat Limited,542216,DALBHARAT,
INE495A01022,Dalmia Bharat Sugar and Industries Limited,500097,DALMIASUG,
INE642P01019,DALMIA INDUSTRIAL DEVELOPMENT LIMITED,539900,,
INE284H01025,Dam Capital Advisors Limited,544316,DAMCAPITAL,
INE497D01022,Damodar Industries Limited,521220,DAMODARIND,
INE688Y01022,Dangee Dums Limited,,DANGEE,
INE310B01013,Danlaw Technologies India Ltd.,532329,,
INE575D01041,DANUBE INDUSTRIES LIMITED,540361,,
INE975Z01012,DAPS ADVERTISING LIMITED,543651,,
INE830S01014,DARJEELING INDUSTRIIES LIMITED,539770,,
INE671T01028,Darshan Orna Limited,539884,,
INE0IX101010,Data Patterns (India) Limited,543428,DATAPATTNS,
INE365B01017,Datamatics Global Services Limited,532528,DATAMATICS,
INE673U01014,DATIWARE MARITIME INFRA LIMITED,519413,,
INE108C01019,Daulat Securities Ltd.,530171,,
INE179G01029,Davangere Sugar Company Limited,543267,DAVANGERE,
INE0Q2L01013,Davin Sons Retail Limited,544331,,
INE921B01025,DB (International) Stock Brokers Limited,530393,DBSTOCKBRO,
INE0A1101019,Dc Infotech And Communication Limited,543636,DCI,
INE503A01015,DCB Bank Limited,532772,DCBBANK,
INE498A01018,DCM  Limited,502820,DCM,
INE891B01012,DCM Financial Services Limited,511611,DCMFINSERV,
INE08KP01019,DCM Nouvelle Limited,542729,DCMNVL,
INE0OFM01015,DCM Shriram Fine Chemicals Limited,544703,DSFCL,
INE843D01027,DCM Shriram Industries Limited,523369,DCMSRIND,
INE0OU201013,DCM Shriram International Limited,544702,DCMSIL,
INE499A01024,DCM Shriram Limited,523367,DCMSHRIRAM,
INE500A01029,DCW Limited,500117,DCW,
INE0KL801015,DCX Systems Limited,543650,DCXINDIA,
INE0HR601026,Ddev Plastiks Industries Limited,543547,DDEVPLSTIK,
INE244A01016,De Nora India Limited,590031,DENORA,
INE583C01021,Deccan Cements Limited,502137,DECCANCE,
INE945F01025,Deccan Gold Mines Limited,512068,DECNGOLD,
INE452W01019,Deccan Health Care Limited,542248,,
INE132E01015,Deccan Polypacks Ltd,531989,,
INE848N01017,Decillion Finance Ltd.,539190,,
INE643N01012,DECIPHER LABS LIMITED,524752,,
INE907E01010,Deco-Mica Ltd.,531227,,
INE183R01010,Decorous Investment and Trading Co. Ltd.,539405,,
INE841L01016,DEE Development Engineers Limited,544198,DEEDEV,
INE005G01026,Deep Health AI India Limited,539559,,
INE0FHS01024,Deep Industries Limited,543288,DEEPINDS,
INE00IY01012,Deep Polymers Limited,541778,,
INE0OPA01019,Deepak Builders & Engineers India Limited,,DBEIL,
INE0OPA01027,Deepak Builders and Engineers India Limited,544276,,
INE0RDM01013,DEEPAK CHEMTEX LIMITED,544036,,
INE501A01019,Deepak Fertilizers and Petrochemicals Corporation Limited,500645,DEEPAKFERT,Deepak Fertilizers &Petrochemicals
INE288B01029,Deepak Nitrite Limited,506401,DEEPAKNTR,
INE272C01013,Deepak Spinners Ltd.,514030,,
INE0ZE201010,Defrail Technologies Limited,544677,,
INE148O01028,Delhivery Limited,543529,DELHIVERY,
INE726L01027,DELPHI WORLD MONEY LIMITED,533452,DELPHIFX,
INE124G01033,Delta Corp Limited,532848,DELTACORP,
INE681Q01015,Delta Industrial Resources Limited,539596,,
INE393A01011,Delta Manufacturing Limited,504286,DELTAMAGNT,
INE872E01016,Delton Cables Ltd.,504240,,
INE947J01015,Den Networks Limited,533137,DEN,
INE051G01012,Denis Chem Lab Limited,537536,,
INE0R4L01018,Denta Water and Infra Solutions Limited,544345,DENTA,
INE0TGG01014,Desco Infratech Limited,544387,,
INE971E01016,Desh Rakshak Aushdhalaya Ltd.,531521,,
INE358F01013,Desi Farms India Limited,507984,,
INE0VOV01021,Dev Accelerator Limited,544513,DEVX,
INE060X01034,Dev Information Technology Limited,543462,DEVIT,
INE0NIJ01025,Dev Labtech Venture Limited,543848,,
INE455C01014,Devine Impex Limited,531585,,
INE07LH01016,Devinsu Trading Ltd.,512445,,
INE872J01023,Devyani International Limited,543330,DEVYANI,
INE260R01016,Dhabriya Polywood Limited,538715,,
INE0I3401014,Dhampur Bio Organics Limited,543593,DBOL,
INE041A01016,Dhampur Sugar Mills Limited,500119,DHAMPURSUG,
INE956B01013,Dhampure Speciality Sugars Ltd.,531923,,
INE220C01012,Dhanalaxmi Roto Spinners Ltd.,521216,,
INE413F01016,Dhanashree Electronics Limited,542679,,
INE680A01011,Dhanlaxmi Bank Limited,532180,DHANBANK,
INE680A20011,Dhanlaxmi Bank Limited,750942,,
INE977F01010,Dhanlaxmi Cotex Ltd.,512485,,
INE953D01016,Dhanlaxmi Fabrics Ltd.,521151,,
INE195E01020,DHANSAFAL FINSERVE LIMITED,512048,,
INE435G01025,Dhanuka Agritech Limited,507717,DHANUKA,
INE239F01015,Dhanvantri Jeevan Rekha Ltd.,531043,,
INE278R01034,DHARAN INFRA-EPC LIMITED,541161,DHARAN,
INE899D01011,Dharani Finance Ltd.,511451,,
INE00OQ01016,Dharmaj Crop Guard Limited,543687,DHARMAJ,
INE0M9Q01011,DHARNI CAPITAL SERVICES LIMITED,543753,,
INE715T01031,Dhatre Udyog Limited,540080,,
INE758D01027,Dhenu Buildcon Infra Limited,501945,,
INE0SPJ01011,Dhillon Freight Carrier Limited,544556,,
INE313G01016,Dhoot Industrial Finance Ltd.,526971,,
INE590D01016,DHP India Ltd.,531306,,
INE506Z01015,Dhruv Consultancy Services Limited,541302,DHRUV,
INE972E01014,Dhruva Capital Services Ltd.,531237,,
INE320L01011,Dhunseri Investments Limited,533336,DHUNINV,
INE341R01014,Dhunseri Tea & Industries Limited,538902,DTIL,
INE477B01010,Dhunseri Ventures Limited,523736,DVL,
INE0K5F01014,DHYAANI TRADEVENTTURES LIMITED,543516,,
INE591D01014,Diamines & Chemicals Limited,500120,DIAMINESQ,
INE989C01038,Diamond Power Infrastructure Limited,522163,DIACABS,
INE012E01035,Diana Tea Co.Ltd.,530959,,
INE303A01010,DIC India Limited,500089,DICIND,
INE184O01015,Diffusion Engineers Limited,544264,DIFFNKG,
INE158R01012,Diggi Multitrade Limited,540811,,
INE03JI01017,Digicontent Limited,542685,DGCONTENT,
INE0PSC01024,Digidrive Distributors Limited,544079,DIGIDRIVE,
INE1OOT01028,DIGILOGIC SYSTEMS LIMITED,544684,,
INE927C01020,DiGiSPICE Technologies Limited,517214,DIGISPICE,
INE0U4701011,Digitide Solutions Limited,544413,DIGITIDE,
INE731U01028,Digjam Limited,539979,DIGJAMLMTD,
INE942P01013,Diksat Transworld Limited,540151,,
INE01GR01018,Diksha Greens Limited,542155,,
INE650C01036,Diligent Industries Limited,531153,,
INE016M01021,Diligent Media Corporation Limited,540789,DNAMEDIA,
INE917M01012,Dilip Buildcon Limited,540047,DBL,
INE0S6R01027,DINDIGUL FARM PRODUCT LIMITED,544201,,
INE0MC401013,DIPNA PHARMACHEM LIMITED,543594,,
INE131C01011,Disa India Limited,500068,DISAQ,
INE836F01026,Dish TV India Limited,532839,DISHTV,
INE193D01019,DISHA RESOURCES LIMITED,531553,,
INE385W01011,Dishman Carbogen Amcis Limited,540701,DCAL,
INE753U01022,Divgi Torqtransfer Systems Limited,543812,DIVGIITTS,
INE361B01024,Divi's Laboratories Limited,532488,DIVISLAB,
INE410G01010,DIVYASHAKTI LIMITED,526315,,
INE935N01020,Dixon Technologies (India) Limited,540699,DIXON,
INE0B1K01014,DJ Mediaprint & Logistics Limited,543193,DJML,
INE234E01027,DJS Stock & Shares Ltd.,511636,,
INE271C01023,DLF Limited,532868,DLF,
INE505A01010,DMCC SPECIALITY CHEMICALS LIMITED,506405,DMCC,
INE07L501010,DMR ENGINEERING LIMITED,543410,,
INE021O01019,Dodla Dairy Limited,543306,DODLA,
INE966A01022,Dolat Algotech Limited,505526,DOLATALGO,
INE666Y01010,Dolfin Rubbers Limited,542013,,
INE325C01035,Dollar Industries Limited,541403,DOLLAR,
INE0QXT01018,Dolphin Kitchen Utencils and Appliances Limited,544170,,
INE920A01037,Dolphin Offshore Enterprises (India) Limited,522261,DOLPHIN,
INE321T01012,DOMS Industries Limited,544045,DOMS,
INE668D01028,Donear Industries Limited,512519,DONEAR,
INE360C01024,DPSC Limited,,DPSCLTD,
INE934C01018,Dr Agarwals Eye Hospital Limited,526783,DRAGARWQ,
INE871Z01013,DR LALCHANDANI LABS LIMITED,541299,,
INE943P01029,Dr. Agarwal's Health Care Limited,544350,AGARWALEYE,
INE600L01024,Dr. Lal Path Labs Ltd.,539524,LALPATHLAB,Dr. Lal Pathlabs Limited
INE089A01031,Dr. Reddy's Laboratories Limited,500124,DRREDDY,
INE746V01016,DRA CONSULTANTS LIMITED,540144,,
INE03RS01027,DRC Systems India Limited,543268,DRCSYSTEMS,
INE0JS101016,Dreamfolks Services Limited,543591,DREAMFOLKS,
INE506A01018,Dredging Corporation of India Limited,523618,DREDGECORP,
INE0MQD01015,Droneacharya Aerial Innovations Limited,543713,,
INE055C01020,DSJ Keep Learning Limited,526677,KEEPLEARN,
INE0SUM01015,DSM Fresh Foods Limited,544568,,
INF740KA1QK2,DSP Mutual Fund,543388,,
INF740KA1QL0,DSP Mutual Fund,543438,,
INF740KA1CL0,DSP Mutual Fund,543440,,
INF740KA1RX3,DSP Mutual Fund,543738,,
INF740KA1SX1,DSP Mutual Fund,543935,,
INF740KA1SZ6,DSP Mutual Fund,543947,,
INF740KA1SY9,DSP Mutual Fund,543948,,
INF740KA1TA7,DSP Mutual Fund,543949,,
INF740KA1UF4,DSP Mutual Fund,544109,,
INF740KA1UR9,DSP Mutual Fund,544247,,
INF740KA1VE5,DSP Mutual Fund,544352,,
INF740KA1WU9,DSP Mutual Fund,544581,,
INF740KA1WV7,DSP Mutual Fund,544620,,
INF740KA1WX3,DSP Mutual Fund,544654,,
INF740KA1WW5,DSP Mutual Fund,544655,,
INF740KA1XU7,DSP Mutual Fund,544674,,
INF740KA1YH2,DSP Mutual Fund,544725,,
INF740KA1ZA4,DSP Mutual Fund,544760,,
INE741L01018,Ducon Infratechnologies Limited,534674,DUCON,
INE397G01019,Duke Offshore Ltd.,531471,,
INE340F01011,Duncan Engineering Limited,504908,,
INE138B01018,Duropack Ltd,526355,,
INE932D01010,DUROPLY INDUSTRIES LIMITED,516003,,
INE940C01015,Dutron  Polymers Ltd.,517437,,
INE366A01041,Dwarikesh Sugar Industries Limited,532610,DWARKESH,
INE417B01040,Dynacons Systems & Solutions Limited,532365,DSSL,
INE221B01012,Dynamatic Technologies Limited,505242,DYNAMATECH,
INE874E01012,dynamic Archistructures Limited,539681,,
INE600Y01019,Dynamic Cables Limited,540795,DYCL,
INE457C01010,Dynamic Industries Ltd.,524818,,
INE118C01018,Dynamic Protfolio Management & Serv,530779,,
INE083E01010,Dynavision Limited,517238,,
INE256H01015,Dynemic Products Limited,532707,DYNPRO,
INE094R01019,E and E ENTERPRISES LIMITED,501386,,
INE311H01018,E-Land Apparel Limited,532820,,
INE255Z01027,E2E Networks Limited,544783,E2E,
INE1A8F01035,EARKART LIMITED,544549,,
INE0O4V01010,Earthstahl & Alloys Limited,543765,,
INE706N01017,East Buildtech Limited,507917,,
INE315F01013,East Coast Steel Ltd,520081,,
INE191C01023,East India Drums and Barrels Manufacturing Limited,523874,,
INE595R01023,EAST WEST FREIGHT CARRIERS LTD,540006,,
INE962C01035,Eastern Silk Industries Limited,590022,EASTSILK,
INE500D01015,Eastern Treads Ltd.,531346,,
INE771C01014,Easun Capital Markets Limited,542906,,
INE407F01018,EASY FINCORP LIMITED,511074,,
INE07O001026,Easy Trip Planners Limited,543272,EASEMYTRIP,
INE738I01010,eClerx Services Limited,532927,ECLERX,
INE638N01012,ECO HOTELS AND RESORTS LIMITED,514402,,
INE316A01038,Eco Recycling Limited,530643,,
INE866A01016,Ecoboard Industries Ltd,523732,,
INE937K01014,Econo Trade (India) Limited,538708,,
INE423D01010,Ecoplast Ltd.,526703,,
INE06HJ01020,Ecos (India) Mobility & Hospitality Limited,544239,ECOSMOBLTY,
INE925Q01024,ECS Biztech Limited,540063,,
INE532F01054,Edelweiss Financial Services Limited,532922,EDELWEISS,
INF754K01TX4,Edelweiss Mutual Fund,544326,,
INF754K01VY8,Edelweiss Mutual Fund,544618,,
INF754K01XF3,Edelweiss Mutual Fund,544761,,
INE125G01014,Edvenswa Enterprises Limited,517170,,
INE886D01026,EFC (I) Limited,512008,EFCIL,
INE355H01015,EFORU ENTERTAINMENT LIMITED,531190,,
INE066A01021,Eicher Motors Limited,505200,EICHERMOT,
INE126A01031,EID Parry India Limited,500125,EIDPARRY,E.I.D. Parry (India) Ltd.
INE0KSN01014,Eighty Jewellers Limited,543518,,
INE276C01014,EIH Associated Hotels Limited,523127,EIHAHOTELS,
INE230A01023,EIH Limited,500840,EIHOTEL,
INE666Q01016,EIKO LIFESCIENCES LIMITED,540204,,
INE158B01016,Eimco Elecon (India) Limited,523708,EIMCOELECO,
INE906L01025,Ekam Leasing & Finance Co. Ltd.,530581,,
INE005E01013,Ekansh Concepts Limited,531364,,
INE0KCM01010,Ekennis Software Service Limited,543475,,
INE0CPR01018,EKI Energy Services Limited,543284,,
INE927X01018,EL CID Investments Limited,503681,ELCIDIN,Elcid Investments Ltd.
INE158F01017,El Forge Ltd.,531144,,
INE594D01018,Elango Industries Ltd,513452,,
INE280B01018,Elantas Beck India Limited,500123,ELANTAS,
INE668G01021,Eldeco Housing And Industries Limited,523329,ELDEHSG,Eldeco Housing & Ind. Ltd.
INE205B01031,Elecon Engineering Company Limited,505700,ELECON,Elecon Engineering Co.Ltd.
INE02YR01019,Electronics Mart India Limited,543626,EMIL,
INE086A01029,Electrosteel Castings Limited,500128,ELECTCAST,
INE822G01016,Electrotherm (India) Limited,526608,ELECTHERM,
INE152E01013,Elegant Floriculture & Agrotech (In,526473,,
INE095B01010,Elegant Marbles & Grani Industries,526705,,
INE1FEW01013,Elfin Agro India Limited,544724,,
INE285A01027,Elgi Equipments Limited,522074,ELGIEQUIP,
INE819L01012,Elgi Rubber Company Limited,,ELGIRUBCO,
INE050401020,Elin Electronics Limited,543725,ELIN,
INE669R01026,Elitecon International Limited,539533,ELITECON,
INE785D01012,Elixir Capital Limited,531278,,
INE236E01022,Ellenbarrie Industrial Gases Limited,544421,ELLEN,
INE033C01019,Elnet Technologies Ltd.,517477,,
INE579B01039,Elpro International Limited,504000,ELPROINTL,
INE279D01016,Ema India Ltd.,522027,,
INE548C01032,Emami Limited,531162,EMAMILTD,
INE830C01026,Emami Paper Mills Limited,533208,EMAMIPAP,
INE778K01012,Emami Realty Limited,533218,EMAMIREAL,
INE069I01010,Embassy Developments Limited,532832,EMBDL,
INE168P01015,Emcure Pharmaceuticals Limited,544210,EMCURE,
INE030Q01015,Emerald Finance Limited,538882,,
INE044N01021,Emerald Leisures Limited,507265,,
INE668L01013,EMERGENT INDUSTRIAL SOLUTIONS LIMITED,506180,,
INE1OSW01015,EMIAC TECHNOLOGIES LIMITED,544747,,
INE296H01011,Emkay Global Financial Services Limited,532737,EMKAY,
INE753K01015,Emmbi Industries Limited,533161,EMMBI,
INE634B01016,Emmessar Biotech & Nutrition Ltd.,524768,,
INE0SDC01012,EMMFORCE AUTOTECH LIMITED,544166,,
INE1C6T01020,Emmvee Photovoltaic Power Limited,544608,EMMVEE,
INE515H01014,Empire Industries Ltd.,509525,,
INE507F01023,Empower India Limited,504351,EMPOWER,
INE554H01021,EMROCK CORPORATION LIMITED,531676,,
INE0OV601013,EMS Limited,543983,EMSLIMITED,
INE01QM01018,eMudhra Limited,543533,EMUDHRA,
INE993I01029,Enbee Trade & Finance Ltd.,512441,,
INE900O01014,ENCODE PACKAGING INDIA LIMITED,530733,,
INE913H01037,Endurance Technologies Limited,540153,ENDURANCE,
INE306C01019,Energy Development Company Limited,532219,ENERGYDEV,
INE510A01028,Engineers India Limited,532178,ENGINERSIN,
INE130L01014,Enkei wheels (India) Limited,533477,,
INE010601016,Entero Healthcare Solutions Limited,544122,ENTERO,
INE439G01019,Enterprise International Limited,526574,,
INE265F01028,Entertainment Network (India) Limited,532700,ENIL,
INE601C01013,Envair Electrodyne Ltd.,500246,,
INE0LLY01014,Enviro Infra Engineers Limited,544290,EIEL,
INE0D2I01014,EP BIOCOMPOSITES LIMITED,543595,,
INE0G5901015,EPACK Durable Limited,544095,EPACK,
INE0MLS01022,EPack Prefab Technologies Limited,544540,EPACKPEB,
INE932F01015,EPIC Energy Ltd.,530407,,
INE071N01016,Epigral Limited,543332,EPIGRAL,
INE255A01020,EPL Limited,500135,EPL,
INE601F01016,Epsom Properties Limited,531155,,
INE807D01030,EPUJA SPIRITECH LIMITED,532092,,
INE060N01019,EQUILATERAL ENTERPRISES LIMITED,531262,,
INE217G01035,Equippp Social Impact Technologies Limited,590057,EQUIPPP,
INE063P01018,Equitas Small Finance Bank Limited,543243,EQUITASBNK,
INE432F01032,ERAAYA LIFESPACES LIMITED,531035,,
INE406M01024,Eris Lifesciences Limited,540596,ERIS,
INE308B01017,ERP Soft Systems Ltd.,530909,,
INE404L01039,Esaar (India) Ltd.,531502,,
INE284A01012,Esab India Limited,500133,ESABINDIA,
INE818W01011,ESAF Small Finance Bank Limited,544020,ESAFSFB,
INE953W01016,Escorp Asset Management Limited,540455,,
INE042A01014,Escorts Kubota Limited,500495,ESCORTS,
INE328F01016,Esha Media Research Limited,531259,,
INE176O01011,ESPIRE HOSPITALITY LIMITED,532016,,
INE0HMN01013,Esquire Money Guarantees Ltd,512439,,
INE122M01019,Essar Shipping Limited,533704,ESSARSHPNG,
INE1IBY01019,ESSEX MARINE LIMITED,544475,,
INE778B01029,Ester Industries Limited,500136,ESTER,
INE758T01015,ETERNAL LIMITED,543320,ETERNAL,
INE04TZ01018,Ethos Limited,543532,ETHOSLTD,
INE0PYT01018,Euphoria Infotech (India) Limited,544094,,
INE0KCE01017,Eureka Forbes Limited,543482,EUREKAFORB,
INE958A01011,Eureka Industries Ltd.,521137,,
INE546V01010,Euro India Fresh Foods Limited,,EIFFL,
INE940E01011,Euro Leder Fashion Ltd.,526468,,
INE505V01016,Euro Panel Products Limited,544461,EUROBOND,
INE198501012,Euro Pratik Sales Limited,544519,EUROPRATIK,
INE022C01012,Eurotex Industries and Exports Limited,521014,EUROTEXIND,Eurotex Industries & Exports Ltd.
INE06TD01010,EVANS ELECTRIC LIMITED,542668,,
INE128A01029,Eveready Industries India Limited,531508,EVEREADY,
INE295A01018,Everest Industries Limited,508906,EVERESTIND,
INE184H01027,Everest Kanto Cylinder Limited,532684,EKC,Everest Kanto Cylinders Ltd.
INE334C01029,Everest Organics Ltd.,524790,,
INE339D01034,EVERLON FINANCIALS LIMITED,514358,,
INE313M01030,EVEXIA LIFECARE LIMITED,524444,,
INE0JVD01011,Evoq Remedies Limited,543500,,
INE1E4401010,EXATO TECHNOLOGIES LIMITED,544626,,
INE369A01029,Excel Industries Limited,500650,EXCELINDUS,Excell Industries Ltd.
INE606N01019,Excelsoft Technologies Limited,544617,EXCELSOFT,
INE0O8901016,Exhicon Events Media Solutions Limited,543895,,
INE777F01014,Exicom Tele-Systems Limited,544133,EXICOM,
INE302A01020,Exide Industries Limited,500086,EXIDEIND,
INE201K01015,Expleo Solutions Limited,533121,EXPLEOSOL,
INE335G01019,Explicit Finance Limited,530571,,
INE561D01025,EXPO ENGINEERING AND PROJECTS LIMITED,526614,,
INE0GFE01026,Exxaro Tiles Limited,543327,EXXARO,
INE750G01019,EYANTRA VENTURES LIMITED,512099,,
INE108T01021,F MEC INTERNATIONAL FINANCIAL SERVICES LIMITED,539552,,
INE0Q9W01015,Faalcon Concepts Limited,544164,,
INE0DRT01018,FABINO ENTERPRISES LIMITED,543444,,
INE0HSD01011,FABTECH TECHNOLOGIES CLEANROOMS LIMITED,544332,,
INE0HF201011,Fabtech Technologies Limited,544558,FABTECH,
INE828G01013,FACOR Alloys Limited,532656,,
INE0DNW01011,Fairchem Organics Limited,543252,FAIRCHEMOR,
INE146N01016,FAMILY CARE HOSPITALS LIMITED,516110,,
INE963C01033,Faze Three Limited,530079,FAZE3Q,
INE512B01022,FCS Software Solutions Limited,532666,FCSSOFT,
INE258B01022,FDC Limited,531599,FDC,
INE007N01010,Fedbank Financial Services Limited,544027,FEDFINA,
INE417D01020,Fedders Holding Limited,511628,FEDDERSHOL,
INE529A01010,Federal-Mogul Goetze (India) Limited.,505744,FMGOETZE,
INE225B01021,Fermenta Biotech Limited,506414,FERMENTA,
INE188A01015,Fertilizers and Chemicals Travancore Limited,590024,FACT,
INE258M01011,Fervent Synergies Limited,533896,,
INE512A01016,FGP Ltd,500142,,
INE296C01020,Fiberweb (India) Limited,507910,FIBERWEB,
INE737H01014,Fiem Industries Limited,532768,FIEMIND,
INE185E01021,Filatex Fashions Limited,532022,FILATFASH,
INE816B01035,Filatex India Limited,526227,FILATEX,
INE600B01033,Filmcity Media Ltd.,531486,,
INE541R01019,Filtra Consultants and Engineers Limited,539098,,
INE686Y01026,Fine Organic Industries Limited,541557,FINEORG,
INE087E01011,Fine-line Circuits Ltd.,517264,,
INE0QOQ01013,Finelistings Technologies Limited,544173,,
INE045J01034,Fineotex Chemical Limited,533333,FCL,
INE734I01027,Finkurve Financial Services Limited,508954,FINKURVE,
INE02NC01014,Fino Payments Bank Limited,543386,FINOPB,
INE235A01022,Finolex Cables Limited,500144,FINCABLES,
INE183A01024,Finolex Industries Limited,500940,FINPIPE,
INE609B01018,First Custodian Fund (India) Ltd.,511122,,
INE683B01047,FIRST FINTEC LIMITED,532379,,
INE684F01012,Firstsource Solutions Limited,532809,FSL,
INE771F01041,Fischer Medical Ventures Limited,524743,FISCHER,
INE128S01021,Five-Star Business Finance Limited,543663,FIVESTAR,
INE00Y201027,Flair Writing Industries Limited,544030,FLAIR,
INE954B01018,Flex Foods Ltd.,523672,,
INE060J01017,Flexituff Ventures International Limited,533638,FLEXITUFF,
INE952M01019,FLOMIC GLOBAL LOGISTICS LIMITED,504380,,
INE318U01016,Flora Corporation Limited,540267,,
INE459C01016,Fluidomat Ltd.,522017,,
INE0DXR01010,Focus Business Solution Limited,543312,,
INE593W01028,Focus Lighting and Fixtures Limited,,FOCUS,
INE0L3H01014,Fone4 Communications (India) Limited,543521,,
INE976E01023,Foods & Inns Limited,507552,FOODSIN,
INE518A01013,Forbes & Company Ltd,502865,,
INE0TT901016,Forbes Precision Tools and Machine Parts Limited,544186,,
INE451A01017,FORCE MOTORS LTD,500033,FORCEMOT,
INE061F01013,Fortis Healthcare Limited,532843,FORTIS,
INE842B01015,Fortis Malar Hospitals Limited,523696,,
INE501D01013,Fortune International Ltd.,530213,,
INE599F01020,FOSECO CRUCIBLE INDIA LIMITED,523160,,
INE519A01011,Foseco India Limited,500150,FOSECOIND,
INE617C01027,Foundry Fuel Products Ltd.,513579,,
INE212S01015,Fractal Analytics Limited,544700,FRACTAL,
INE1W3Q01011,Fractal Industries Limited,544707,,
INE789R01022,Franklin Industries Limited,540190,,
INE399S01010,Franklin Leasing and Finance Limited,539839,,
INE184Q01010,Fraser And Company Limited,539032,,
INE401Z01019,Fratelli Vineyards Limited,541741,,
INE194R01017,Fredun Pharmaceuticals Limited,539730,,
INE977E01013,Frontier Capital Limited,508980,,
INE572D01014,Frontier Springs Limited,522195,FRONTSP,
INE092D01013,Frontline Corporation Limited,532042,,
INE776R01011,Frontline Financial Services Ltd.,531685,,
INE836C01015,Fruition Venture Limited,538568,,
INE388Y01029,FSN E-Commerce Ventures Limited,543384,NYKAA,
INE12UR01024,Fujiyama Power Systems Limited,544613,UTLSOLAR,
INE365H01014,FUNDVISER CAPITAL (INDIA) LIMITED,530197,,
INE139R01012,Fusion Finance Limited,543652,FUSION,
INE623B01027,Future Enterprises Limited,523574,FEL,
IN9623B01058,Future Enterprises Limited,570002,FELDVR,
INE452O01016,Future Lifestyle Fashions Limited,536507,FLFL,
INE360L01017,Future Market Networks Limited,533296,FMNL,
INE425D01015,Futuristic Securities Ltd,523113,,
INE241F01011,Futuristic Solutions Ltd.,534063,,
INE455H01021,FYNX CAPITAL LIMITED,507962,,
INE0E2801015,G M Polyplast Limited,543239,,
INE201P01022,G R Infraprojects Limited,543317,GRINFRA,
INE586X01012,G-TEC JAINX EDUCATION LIMITED,,GTECJAINX,
INE631D01026,G. G. Dandekar Properties Limited,505250,,
INE05QJ01015,G. K. P. Printing & Packaging Limited,542666,,
INE493B01017,G.G.Automotive Gears Ltd.,531399,,
INE131D01019,G.k.Consultants Ltd.,531758,,
INE736H01024,G.S. Auto International Ltd.,513059,,
IN9736H01014,G.S. Auto International Ltd.,890238,,
INE1H1501013,Gabion Technologies India Limited,544675,,
INE524A01029,Gabriel India Limited,505714,GABRIEL,
INE0QZF01012,Gabriel Pet Straps Limited,544108,,
INE224E01028,GACM Technologies Limited,531723,GATECH,
INE224E01036,GACM Technologies Limited,570005,GATECHDVR,
INE837X01027,Gaekwar Mills Ltd.,502850,,
INE076D01016,Gagan Gases Ltd.,524624,,
INE129A01019,GAIL (India) Limited,532155,GAIL,
INE868G01019,Gajanan Securities Services Ltd.,538609,,
INE480S01026,Gala Global Products Limited,539228,,
INE0RE001014,Gala Precision Engineering Limited,544244,GALAPREC,
INE906Y01028,Galactico Corporate Services Limited,542802,,
INE243E01010,Galada Finance Limited,538881,,
INE255C01026,Galada Power & Communication Ltd.,504697,,
INE803L01016,Galaxy Agrico Exports Ltd.,531911,,
INE020S01012,Galaxy Bearings Ltd.,526073,,
INE403B01016,GALAXY SUPERMARKET LIMITED,506186,,
INE600K01018,Galaxy Surfactants Limited,540935,GALAXYSURF,
INE297H01019,Gallantt Ispat Limited,532726,GALLANTT,
INE0BUQ01012,Gallard Steel Limited,544616,,
INE755J01012,Gallops Enterprise  Limited,531902,,
INE890S01026,GAMCO LIMITED,540097,,
INE1GUJ01014,GAME CHANGERS TEXFAB LIMITED,544594,,
INE717W01049,Gandhar Oil Refinery (India) Limited,544029,GANDHAR,
INE524B01027,Gandhi Special Tubes Limited,513108,GANDHITUBE,
INE388A01029,Ganesh Benzoplast Limited,500153,GANESHBE,
INE652V01016,Ganesh Consumer Products Limited,544528,GANESHCP,
INE460C01014,GANESH HOUSING LIMITED,526367,GANESHHOU,
INE845D01014,Ganesha Ecosphere Limited,514167,GANECOS,
INE369Q01017,GANESHA ECOVERSE LIMITED,539041,,
INE691Z01023,Ganga Forging Limited,,GANGAFORGE,
INE278O01015,Ganga Papers India Ltd,531813,,
INE615T01017,Ganga Pharmaceuticals Limited,539680,,
INE335W01016,Ganges Securities Limited,540647,GANGESSECU,
INE162L01017,Ganon Products Limited,512443,,
INE721C01019,Garbi Finvest Limited,539492,,
INE382Z01011,Garden Reach Shipbuilders & Engineers Limited,542011,GRSE,
INE194E01015,Garg Furnace Ltd.,530615,,
INE653S01028,GARMENT MANTRA LIFESTYLE LIMITED,539216,,
INE797D01017,Garnet Construction Ltd.,526727,,
INE590B01010,Garnet International Limited,512493,,
INE0JVO01026,Garuda Construction and Engineering Limited,544271,GARUDA,
INE291A01017,Garware Hi-Tech Films Limited,500655,GRWRHITECH,
INE925D01014,Garware Marine Industries Ltd.,509563,,
INE446C01013,GARWARE OFFSHORE SERVICES LIMITED,501848,,
INE340D01016,Garware Synthetics Ltd.,514400,,
INE276A01018,Garware Technical Fibres Limited,509557,GARFIBRES,
INE079J01017,Gateway Distriparks Limited,543489,GATEWAY,
INE0P8B01020,Gaudium IVF and Women Health Limited,544709,GAUDIUMIVF,
INE721X01023,Gautam Exim Limited,540613,,
INE063Z01017,Gautam Gems Limited,540936,,
INE052E01015,Gayatri BioOrganics Ltd,524564,,
INE287Z01012,Gayatri Highways Limited,541546,GAYAHWS,
INE336H01023,Gayatri Projects Limited,532767,GAYAPROJ,
INE622E01023,Gayatri Sugars Ltd.,532183,,
INE0RWU01016,GB Logistics Commerce Limited,544348,,
INE191P01017,GCM Capital Advisors Limited,538319,,
INE200P01016,GCM Commodity & Derivatives Limited,535917,,
INE168O01026,GCM Securities Limited,535431,,
INE0QHY01011,Gconnect Logitech and Supply Chain Limited,544156,,
INE545E01018,GDL Leasing & Finance ltd.,530855,,
INE878A01011,GE Power India Limited,532309,GVPIL,
INE200A01026,GE Vernova T&D India Limited,522275,GVT&D,
INE064H01021,GEE Ltd.,504028,,
INE916G01016,GeeCee Ventures Limited,532764,GEECEE,
INE669X01032,Geekay Wires Limited,,GEEKAYWIRE,
INE06XZ01023,Gem Aromatics Limited,544491,GEMAROMA,
INE0RUJ01013,GEM Enviro Management Limited,544199,,
INE165F01020,Gem Spinners India Ltd,521133,,
INE503D01027,Gemstone Investments Ltd.,531137,,
INE481Y01014,General Insurance Corporation of India,540755,GICRE,
INE854S01022,Generic Engineering Construction and Projects Limited,539407,GENCON,
INE727B01026,Genesys International Corporation Limited,506109,GENESYS,
INE509C01026,Gennex Laboratories Ltd,531739,,
INE574D01010,GENOMIC VALLEY BIOTECH LIMITED,539206,,
INE861N01036,GENPHARMASEC LIMITED,531592,,
INE949P01018,Genus Paper & Boards Limited,538961,GENUSPAPER,
INE955D01029,Genus Power Infrastructures Limited,530343,GENUSPOWER,
INE256D01014,GENUS PRIME INFRA LIMITED,532425,,
INE007B01023,Geojit Financial Services Limited,532285,GEOJITFSL,
INE0H1201020,Getalong Enterprise Limited,543372,,
INE538A01037,GFL Limited,500173,GFLLIMITED,
INE539A01019,GHCL Limited,500171,GHCL,
INE0PA801013,GHCL Textiles Limited,543918,GHCLTEXTIL,
INE009U01011,Ghushine Fintrrade Ocean Limited,539864,,
INE809Q01020,GHV INFRA PROJECTS LIMITED,505504,,
INE063601012,Gian Life Care Limited,542918,,
INE289B01019,GIC Housing Finance Limited,511676,GICHSGFIN,
INE918C01029,Gilada Finance & Investments Ltd.,538788,,
INE047B01011,Gillanders Arbuthnot & Company Limited,532716,GILLANDERS,Gillanders Arbuthnot & Co. Ltd.
INE322A01010,Gillette India Limited,507815,GILLETTE,
INE548B01018,Gini Silk Mills Ltd.,531744,,
INE424C01010,Ginni Filaments Limited,590025,GINNIFILA,
INE776O01018,GITA RENEWABLE ENERGY LIMITED,539013,,
INE1AG301022,GK Energy Limited,544525,GKENERGY,
INE265D01015,GKB Ophthalmics Ltd.,533212,,
INE528A01020,GKW Limited,,GKWLIMITED,
INE03CM01014,GLAAM UP JWEL LIMITED,542477,,
INE580D01017,Glance Finance Ltd.,531199,,
INE068V01023,Gland Pharma Limited,543245,GLAND,
INE159A01016,GlaxoSmithKline Pharmaceuticals Limited,500660,GLAXO,
INE0UMC01019,Glen Industries Limited,544444,,
INE935A01035,Glenmark Pharmaceuticals Limited,532296,GLENMARK,
INE741B01027,Glittek Granites Ltd.,513528,,
INE062C01042,Global Capital Markets Ltd.,530263,,
INE425H01016,GLOBAL DEFENCE INDUSTRIES LIMITED,512091,,
INE291W01037,Global Education Limited,,GLOBAL,
INE474Q01031,Global Health Limited,543654,MEDANTA,
INE0J2K01014,Global Longlife Hospital and Research Limited,543520,,
INE1ITY01011,Global Ocean Logistics India Limited,544665,,
INE0JSX01015,Global Surfaces Limited,543829,GSLSU,
INE792H01019,Global Vectra Helicorp Limited,532773,GLOBALVECT,
INE0URU01010,Globale Tessile Limited,544234,GLOBALE,
INE632W01016,GlobalSpace Technologies Limited,540654,,
INE0V3U01015,Globe Civil Projects Limited,544424,GLOBECIVIL,
INE804Q01013,Globe Commercials Limited,540266,,
INE581X01021,GLOBE ENTERPRISES (INDIA) LIMITED,,GLOBE,
INE947T01022,Globe International Carriers Limited,,GICL,
INE12P601017,Globtier Infotech limited,544494,,
INE064L01015,Globus Constructors & Developers Limited,526025,,
INE615I01010,Globus Spirits Limited,533104,GLOBUSSPR,
INE350Z01018,Gloster Limited,542351,GLOSTERLTD,
INE0TQE01026,Glottis Limited,544557,GLOTTIS,
INE075D01018,GM Breweries Limited,507488,GMBREW,G.M. Breweries Ltd.
INE541A01023,GMM Pfaudler Limited,505255,GMMPFAUDLR,
INE776C01039,GMR AIRPORTS LIMITED,532754,GMRAIRPORT,
INE0CU601026,GMR Power and Urban Infra Limited,543490,GMRP&UI,
INE934S01014,GNA Axles Limited,540124,GNA,G N A Axles Limited
INE18JU01028,GNG Electronics Limited,544455,EBGNG,
INE03JT01014,Go Digit General Insurance Limited,544179,GODIGIT,
INE0BJS01011,Go Fashion (India) Limited,543401,GOCOLORS,
INE426D01013,Goa Carbon Limited,509567,GOACARBON,
INE492Z01018,GOBLIN INDIA LIMITED,542850,,
INE077F01035,GOCL Corporation Limited,506480,GOCLCORP,
INE497S01012,Godavari Biorefineries Limited,544279,GODAVARIB,
INE362C01012,Godavari Drugs Ltd.,530317,,
INE177H01039,Godawari Power And Ispat limited,532734,GPIL,
INE260B01028,Godfrey Phillips India Limited,500163,GODFRYPHLP,
INE850D01014,Godrej Agrovet Limited,540743,GODREJAGRO,
INE102D01028,Godrej Consumer Products Limited,532424,GODREJCP,
INE233A01035,Godrej Industries Limited,500164,GODREJIND,
INE484J01027,Godrej Properties Limited,533150,GODREJPROP,
INE0ZOM01013,GOEL CONSTRUCTION COMPANY LIMITED,544504,,
INE0K6L01010,Goel Food Products Limited,543538,,
INE997C01015,Goenka Business & Finance Limited,538787,,
INE832C01014,GOGIA CAPITAL GROWTH LIMITED,531600,,
INE642I01014,GOKAK TEXTILES LTD.,532957,,
INE887G01027,Gokaldas Exports Limited,532630,GOKEX,
INE314T01033,Gokul Agro Resources Limited,539725,GOKULAGRO,
INE020J01029,Gokul Refoils and Solvent Limited,532980,GOKUL,
INE598F01014,Gold Rock Investments Ltd.,501111,,
INE222U01010,Golden Crest Education & Services Limited,540062,,
INE088E01019,Golden Legand Leasing & Finance Ltd,509024,,
INE973A01010,Golden Tobacco Limited,500151,GOLDENTOBC,
INE025B01025,Goldiam International Limited,526729,GOLDIAM,
INE1CLW01015,GOLDLINE PHARMACEUTICAL LIMITED,544759,,
INE427D01011,Golechha Global Finance Ltd.,531360,,
INE798D01015,Golkunda Diamonds & Jewellery Ltd.,523676,,
INE127I01024,Goodluck India Limited,530655,GOODLUCK,
INE300A01016,Goodricke Group Ltd.,500166,,
INE533A01012,Goodyear India Limited,500168,GOODYEAR,
INE0L9R01028,Gopal Snacks Limited,544140,GOPAL,
INE792J01015,Gorani Industries Ltd.,531608,,
INE538G01018,Gothi Plascon (India) Ltd.,531111,,
INE512D01028,GOURMET GATEWAY INDIA LIMITED,506134,,
INE225G01012,Gowra Leasing & Finance Ltd.,530709,,
INE705X01026,Goyal Aluminiums Limited,541152,GOYALALUM,
INE912B01032,Goyal Associates Ltd.,530663,,
INE586G01017,GP Petroleums Limited,532543,GULFPETRO,
INE486R01017,GPT Healthcare Limited,544131,GPTHEALTH,
INE390G01014,GPT Infraprojects Limited,533761,GPTINFRA,
INE361K01017,Gradiente Infotainment Limited,,GRADIENTE,
INE578R01011,GRAMEVA LIMITED,539120,,
INE926B01016,Grand Oak Canyons Distillery Limited,523862,GRANDOAK,
INE927M01029,Grandma Trading & Agencies Ltd.,504369,,
INE101D01020,Granules India Limited,532482,GRANULES,
INE371A01025,Graphite India Limited,509488,GRAPHITE,
INE047A01021,Grasim Industries Limited,500300,GRASIM,
INE915E01013,Gratex Industries Ltd.,526751,,
INE266D01021,Grauer & Weil India Limited,505710,GRAUWEIL,
INE214F01026,Graviss Hospitality Limited,509546,GRAVISSHO,
INE024L01027,Gravita India Limited,533282,GRAVITA,
INE995A01013,Gravity (India) Ltd.,532015,,
INE0U8P01015,GRE Renew Enertech Limited,544682,,
INE224A01026,Greaves Cotton Limited,501455,GREAVESCOT,
INE414C01045,Greencrest Financial Services Limited,531737,,
INE0S0701019,Greenhitech Ventures Limited,544163,,
INE544R01021,Greenlam Industries Limited,538979,GREENLAM,
INE08ZM01014,Greenpanel Industries Limited,542857,GREENPANEL,
INE461C01038,Greenply Industries Limited,526797,GREENPLY,
INE199P01028,Gretex Corporate Services Limited,543324,GCSL,
INE536A01023,Grindwell Norton Limited,506076,GRINDWELL,
INE192H01020,GRM Overseas Limited,531449,GRMOVER,
INE042B01012,GROARC INDUSTRIES INDIA LIMITED,532315,,
INE343C01012,Grovy India Limited,539522,,
INE451S01027,GROWINGTON VENTURES INDIA LIMITED,539222,,
INF666M01LM6,Groww Mutual Fund,544473,,
INF666M01OD9,Groww Mutual Fund,544721,,
INF666M01IO8,GROWW MUTUAL FUND  PERMITTED,590157,,
INF666M01JJ6,GROWW MUTUAL FUND  PERMITTED,590158,,
INE137I01015,GRP Limited,509152,GRPLTD,
INE777C01011,GSB Finance Ltd.,511543,,
INE721D01017,GSL Securities Ltd.,530469,,
INE713R01022,GSP Crop Science Limited,544733,GSPCROP,
INE871H01011,GSS Infotech Limited,532951,GSS,
INE221H01019,GTL Infrastructure Limited,532775,GTLINFRA,
INE043A01012,GTL Limited,500160,GTL,
INE537A01013,GTN Industries Limited,500170,,
INE302H01017,GTN Textiles Ltd. (formerly known as GTN Industries Ltd.),532744,,
INE869I01013,GTPL Hathway Limited,540602,GTPL,
INE959B01017,GTT DATA SOLUTIONS LIMITED,530457,,
INE910R01024,GTV Engineering Limited,539479,,
INE742B01025,Gufic Biosciences Limited,509079,GUFICBIO,
INE186A01019,Gujarat Alkalies and Chemicals Limited,530001,GUJALKALI,Gujarat Alkalis & Chemicals Ltd.
INE036B01030,Gujarat Ambuja Exports Limited,524226,GAEL,
INE826C01016,Gujarat Apollo Industries Limited,522217,GUJAPOLLO,
INE276I01011,Gujarat Containers Ltd.,513507,,
INE004C01028,Gujarat Cotex Ltd,514386,,
INE372D01019,Gujarat Craft Industries Ltd.,526965,,
INE034B01019,Gujarat Credit Corporation Ltd.,511441,,
INE09N301011,Gujarat Fluorochemicals Limited,542812,FLUOROCHEM,
INE844O01030,Gujarat Gas Limited,539336,GUJGASLTD,
INE621C01011,Gujarat Hotels Ltd.,507960,,
INE578V01013,Gujarat Hy-Spin Limited,540938,,
INE162A01010,Gujarat Industries Power Company Limited,517300,GIPCL,Gujarat Industries Power Co. Ltd
INE659F01014,Gujarat Inject (Kerala) Ltd.,524238,,
INE877E01015,Gujarat Intrux Limited,517372,,
INE373D01017,Gujarat Investa Ltd.,531341,,
INE0V0W01025,Gujarat Kidney And Super Speciality Limited,544666,GKSL,
INE540A01017,Gujarat Lease Financing Limited,500174,GLFL,
INE131A01031,Gujarat Mineral Development Corporation Limited,532181,GMDCLTD,Gujarat Mineral Development Corpora
INE113A01013,Gujarat Narmada Valley Fertilizers and Chemicals Limited,500670,GNFC,Gujarat Narmada Valley Fert.Co.Ltd
INE207H01018,Gujarat Natural Resources Limited,513536,GNRL,
INE0SIK01014,GUJARAT PEANUT AND AGRI PRODUCTS LIMITED,544548,,
INE636P01011,Gujarat Petrosynthese Ltd.,506858,,
INE517F01014,Gujarat Pipavav Port Limited,533248,GPPL,
INE541F01022,Gujarat Poly Electronics Limited,517288,,
INE610B01024,Gujarat Raffia Industries Limited,523836,GUJRAFFIA,Gujarat Raffia Ind. Ltd.
INE026A01025,Gujarat State Fertilizers & Chemicals Limited,500690,GSFC,Gujarat State Fertilizers & Chem.Ltd
INE944A01011,Gujarat State Financial corporation,532160,,
INE499G01013,Gujarat Terce Laboratories Ltd,524314,,
INE942C01045,Gujarat Themis Biosyn Limited,506879,GUJTHEM,
INE145J01032,Gujarat Toolroom Ltd.,513337,,
INE173V01013,Gujarat Winding Systems Limited,541627,,
INE311N01016,GUJJUBHAI INDUSTRIES LIMITED,532070,,
INE635Q01029,Gulf Oil Lubricants India Limited,538567,GULFOILLUB,
INE255D01024,Gulshan Polyols Limited,532457,GULPOLY,
INE986W01016,GURU KRUPA GEMS AND JEWELLERY LIMITED,540545,,
INE251H01024,GVK Power & Infrastructure Limited,532708,GVKPIL,
INE382T01030,GVP Infotech Limited,,GVPTECH,
INE487G01018,Gyan Developers & Builders Ltd.,530141,,
INE724A01017,GYFTR LIMITED,507912,,
INE926X01010,H.G. Infra Engineering Limited,541019,HGINFRA,
INE0DZD01015,H.M. ELECTRO MECH LIMITED,544349,,
INE950C01014,H.P. Cotton Textile Mills Ltd.,502873,,
INE731B01010,H.S.India Ltd.,532145,,
INE115S01010,Halder Venture Limited,539854,HALDER,
INE506D01020,Haldyn Glass Limited,515147,HALDYNGL,
INE320X01016,HALEOS LABS LIMITED,540679,HALEOSLABS,
INE0QBD01018,HAMPS BIO LIMITED,544312,,
INE299D01022,HAMPTON SKY REALTY LIMITED,526407,,
INE596H01014,HandsOn Global Management (HGM) Limited,532761,HGM,
INE982Q01017,HANMAN FIT LIMITED,538731,,
INE0JVH01012,Hannah Joseph Hospital Limited,544687,,
INE419U01012,Happiest Minds Technologies Limited,543227,HAPPSTMNDS,
INE330T01021,Happy Forgings Limited,544057,HAPPYFORGE,
INE722D01015,Hardcastle & Waud Mfg. Co. Ltd.,509597,,
INE626Z01029,Hardwyn India Limited,541276,HARDWYN,
INE493N01012,Haria Apparels Limited,538081,,
INE772B01014,Haria Exports Ltd.,512604,,
INE1UYW01010,HARIKANTA OVERSEAS LIMITED,544769,,
INE00EV01017,Hariom Pipe Industries Limited,543517,HARIOMPIPE,
INE01K301012,Harish Textile Engineers Limited,542682,,
INE400G01011,Hariyana Ship Breakers Ltd.,526931,,
INE219D01012,HARIYANA VENTURES LIMITED,506024,,
INE544A01019,Harrisons  Malayalam Limited,500467,HARRMALAYA,
INE0JUS01029,Harsha Engineers International Limited,543600,HARSHA,
INE0OLZ01015,HARSHDEEP HORTICO LIMITED,544105,,
INE098E01026,HARSHIL AGROTECH LIMITED,505336,,
INE928H01019,Haryana Capfin Ltd.,532855,,
INE737G01016,Haryana Financial Corporation ltd.,530927,,
INE681F01018,Haryana Leather Chemicals Ltd.,524080,,
INE888Q01016,Has Lifestyle Limited,780014,,
INE671D01014,Hasti Finance Ltd.,531387,,
INE525B01016,Hathway Bhawani Cabletel & Datacom,509073,,
INE982F01036,Hathway Cable & Datacom Limited,533162,HATHWAY,
INE473B01035,Hatsun Agro Product Limited,531531,HATSUN,Hatsun Agro Products Ltd.
INE176B01034,Havells India Limited,517354,HAVELLS,
INE230I01018,Hawa Engineers ltd.,539176,,
INE979B01015,Hawkins Cookers Limited,508486,HAWKINCOOK,Hawkins Cooker Ltd.
INE550F01049,Hazoor Multi Projects Limited,532467,,
INE640B01021,HB Estate Developers Limited,532334,HBESD,
INE549B01016,HB Leasing & Finance Co. Ltd.,508956,,
INE638B01025,HB Portfolio Ltd.,532333,,
INE550B01022,HB Stockholdings Limited,532216,HBSL,
INE977M01024,HBG HOTELS LIMITED,537839,,
INE292B01021,HBL Engineering Limited,517271,HBLENGINE,
INE345Q01017,HCKK Ventures Limited,539224,,
INE236A01020,HCL Infosystems Limited,500179,HCL-INSYS,
INE860A01027,HCL Technologies Limited,532281,HCLTECH,
INE136C01044,HCP PLASTENE BULKPACK LIMITED,526717,,
INE756I01012,HDB Financial Services Limited,544429,HDBFS,
INE127D01025,HDFC Asset Management Company Limited,541729,HDFCAMC,
INE040A01034,HDFC Bank Limited,500180,HDFCBANK,
INE795G01014,HDFC Life Insurance Company Limited,540777,HDFCLIFE,
INF179KC1965,HDFC Mutual Fund,539516,,
INF179KC1HX2,HDFC Mutual Fund,539517,,
INF179KC1HY0,HDFC Mutual Fund,543224,,
INF179KC1HR4,HDFC Mutual Fund,543569,,
INF179KC1HS2,HDFC Mutual Fund,543570,,
INF179KC1DL6,HDFC Mutual Fund,543605,,
INF179KC1DJ0,HDFC Mutual Fund,543607,,
INF179KC1DK8,HDFC Mutual Fund,543608,,
INF179KC1HU8,HDFC Mutual Fund,543627,,
INF179KC1HV6,HDFC Mutual Fund,543628,,
INF179KC1IA8,HDFC Mutual Fund,543665,,
INF179KC1HZ7,HDFC Mutual Fund,543666,,
INF179KC1EZ4,HDFC Mutual Fund,543774,,
INF179KC1FB2,HDFC Mutual Fund,543775,,
INF179KC1HT0,HDFC Mutual Fund,543776,,
INF179KC1HW4,HDFC Mutual Fund,544110,,
INE759V01019,Heads UP Ventures Limited,540210,HEADSUP,
INE019J01013,Health X Platform Limited,533259,HEALTHX,
INE075I01017,Healthcare Global Enterprises Limited,539787,HCG,
INE160N01017,Healthy Investments Ltd.,503689,,
INE0L3501015,HEALTHY LIFE AGRITEC LIMITED,543546,,
INE558R01013,HEC Infra Projects Limited,,HECPROJECT,
INE025D01013,Heera Ispat Ltd.,526967,,
INE545A01024,HEG Limited,509631,HEG,
INE578A01017,HeidelbergCement India Limited,500292,HEIDELBERG,
INE1FJE01010,HELLOJI HOLIDAYS LIMITED,544630,,
INE738P01015,Helpage Finlease Ltd.,539174,,
INE721U01011,HEM Holdings and Trading Ltd.,505520,,
INE930A01010,Hemang Resources Limited,531178,,
INE0GYI01028,Hemant Surgical Industries Limited,543916,,
INE0AJG01018,Hemisphere Properties India Limited,543242,HEMIPROP,
INE694N01015,Heranba Industries Limited,543266,HERANBA,
INE688E01024,Hercules Investments Limited,505720,,
INE978A01027,Heritage Foods Limited,519552,HERITGFOOD,
INE158A01026,Hero MotoCorp Limited,500182,HEROMOTOCO,
INE782E01017,Hester Biosciences Limited,524669,HESTERBIO,
INE750M01017,Hexa Tradex Limited,534328,HEXATRADEX,
INE0JUI01012,Hexagon Nutrition Limited,544785,HEXAGON,
INE093A01041,Hexaware Technologies Limited,544362,HEXT,
INE548A01028,HFCL Limited,500183,HFCL,
INE302R01024,Hi-Klass Trading and Investment Limited,542332,,
INE106T01025,Hi-Tech Pipes Limited,543411,HITECH,
INE783E01023,High Energy Batteries (India) Ltd.,504176,,
INE1KI801019,Highness Microelectronics Limited,544741,,
INE00RL01028,Highway Infrastructure Limited,544477,HILINFRA,
INE475B01022,Hikal Limited,524735,HIKAL,
INE966Q01010,HILIKS TECHNOLOGIES LIMITED,539697,,
INE168C01013,Hilltone Software and Gases Ltd,544308,,
INE788H01017,Hilton Metal Forging Limited,532847,HILTON,
INE705G01021,HIM TEKNOFORGE LIMITED,505712,,
INE019C01026,Himadri Speciality Chemical Limited,500184,HSCL,
INE552B01010,HIMALAYA FOOD INTERNATIONAL LIMITED,526899,,
INE049A01027,Himatsingka Seide Limited,514043,HIMATSEIDE,
INE227B01019,HIND ALUMINIUM INDUSTRIES LTD.,531979,,
INE691J01019,HIND COMMERCE LIMITED,538652,,
INE835D01023,Hind Rectifiers Limited,504036,HIRECT,
INE038A01020,Hindalco Industries Limited,500440,HINDALCO,
INE642Y01029,Hindcon Chemicals Limited,,HINDCON,
INE832D01020,Hindoostan Mills Ltd.,509895,,
INE05X901010,Hindprakash Industries Limited,543645,HPIL,
INE170I01016,Hinduja Global Solutions Limited,532859,HGS,
INE074C01013,Hindustan Adhesives Ltd.,514428,,
INE066F01020,Hindustan Aeronautics Limited,541154,HAL,
INE092301014,Hindustan Agrigenetics Ltd.,519574,,
INE02XD01011,Hindustan Appliances Ltd,531918,,
INE597C01021,Hindustan Bio Sciences Ltd.,532041,,
INE310C01029,Hindustan Composites Limited,509635,HINDCOMPOS,
INE549A01026,Hindustan Construction Company Limited,500185,HCC,Hindustan Construction Co. Ltd.
INE531E01026,Hindustan Copper Limited,513599,HINDCOPPER,
INE254N01026,Hindustan Foods Limited,519126,HNDFDS,
INE724D01011,HINDUSTAN HARDY LIMITED,505893,,
INE083O01019,Hindustan Housing Co. Ltd.,509650,,
INE871K01015,Hindustan Media Ventures Limited,533217,HMVL,
INE253A01025,Hindustan Motors Ltd.,500500,,
INE345A01011,Hindustan Oil Exploration Company Limited,500186,HINDOILEXP,Hindustan Oil Exploration Co. Ltd.
INE048A01011,Hindustan Organic Chemicals Ltd.,500449,,
INE094A01015,Hindustan Petroleum Corporation Limited,500104,HINDPETRO,
INE428D01019,Hindustan Tin Works Ltd.,530315,,
INE030A01027,Hindustan Unilever Limited,500696,HINDUNILVR,
INE267A01025,Hindustan Zinc Limited,500188,HINDZINC,
INE582K01018,Hindusthan Udyog Ltd,513039,,
INE05AN01011,Hindware Home Innovation Limited,542905,HINDWAREAP,
INE963A01011,Hipolin Ltd.,530853,,
INE258Z01013,Hira Automobiles Ltd.,531743,,
INE598C01011,Hisar Metal Industries Limited,590018,HISARMETAL,
INE689E01014,Hisar Spinning Mills Ltd,521068,,
INE309B01023,Hit Kit Global Solutions Ltd,532359,,
INE07Y701011,Hitachi Energy India Limited,543187,POWERINDIA,
INE120D01012,Hitech Corporation Limited,526217,HITECHCORP,
INE863C01019,Hittco Tools Ltd.,531661,,
INE461D01028,HLE Glascoat Limited,522215,HLEGLAS,
INE102A01024,HLV LIMITED,500193,HLVLTD,
INE0ECP01024,HMA Agro Industries Limited,543929,HMAAGRO,
INE262A01018,HMT Limited,500191,HMT,
INE481N01025,Home First Finance Company India Limited,543259,HOMEFIRST,
INE982C01033,HOMRE LIMITED,523387,,
INE0J5401028,Honasa Consumer Limited,544014,HONASA,
INE634A01018,Honda India Power Products Limited,522064,HONDAPOWER,
INE671A01010,Honeywell Automation India Limited,517174,HONAUT,
INE1SEO01013,HORIZON RECLAIM (INDIA) LIMITED,544794,,
INE031A01017,Housing & Urban Development Corporation Limited,540530,HUDCO,Housing &Urban Development Corporation Ltd.
INE191I01012,Housing Development and Infrastructure Limited,532873,HDIL,Housing Development & Infrastructure  Ltd
INE931B01016,Howard Hotels Limited,526761,,
INE0GSL01024,HP Adhesives Limited,543433,HPAL,
INE495S01016,HPL Electric & Power Limited,540136,HPL,
INE1E1V01017,HRS ALUGLAZE LIMITED,544656,,
INE501G01024,HT Media Limited,532662,HTMEDIA,
INE703H01016,Hubtown Limited,532799,HUBTOWN,
INE275B01026,Huhtamaki India Limited,509820,HUHTAMAKI,
INE02PC01027,Humming Bird Education Limited,542592,,
INE965B01022,Hybrid Financial Services Limited,500262,HYBRIDFIN,
INE039D01014,HYPERSOFT TECHNOLOGIES LIMITED,539724,,
INE0V6F01027,Hyundai Motor India Limited,544274,HYUNDAI,
INE678B01039,IB Infotech Enterprises Ltd,519463,,
INE613B01010,ICDS Limited,511194,ICDSLTD,
INE520Y01019,Ice Make Refrigeration Limited,,ICEMAKE,
INE090A01021,ICICI Bank Limited,532174,ICICIBANK,
INE765G01017,ICICI Lombard General Insurance Company Limited,540716,ICICIGI,
INE346A01027,ICICI Prudential Asset Management Company Limited,544658,ICICIAMC,
INE726G01019,ICICI Prudential Life Insurance Company Limited,540133,ICICIPRULI,
INF109K012R6,ICICI Prudential Mutual Fund,537007,,
INF109KC16V9,ICICI Prudential Mutual Fund,537008,,
INF109KC11V0,ICICI Prudential Mutual Fund,539945,,
INF109KC10W0,ICICI Prudential Mutual Fund,539980,,
INF109KC19U5,ICICI Prudential Mutual Fund,540612,,
INF109KB15Y7,ICICI Prudential Mutual Fund,540787,,
INF109KC1V59,ICICI Prudential Mutual Fund,541313,,
INF109KC1NS5,ICICI Prudential Mutual Fund,541809,,
INF109KC15I8,ICICI Prudential Mutual Fund,542730,,
INF109KC18U7,ICICI Prudential Mutual Fund,542758,,
INF109KC11W8,ICICI Prudential Mutual Fund,542921,,
INF109KC17V7,ICICI Prudential Mutual Fund,543219,,
INF109KC16I6,ICICI Prudential Mutual Fund,543221,,
INF109KC1Q72,ICICI Prudential Mutual Fund,543292,,
INF109KC19V3,ICICI Prudential Mutual Fund,543326,,
INF109KC1V42,ICICI Prudential Mutual Fund,543383,,
INF109KC10V2,ICICI Prudential Mutual Fund,543450,,
INF109KC17C7,ICICI Prudential Mutual Fund,543568,,
INF109KC16E5,ICICI Prudential Mutual Fund,543571,,
INF109KC17L8,ICICI Prudential Mutual Fund,543677,,
INF109KC19O8,ICICI Prudential Mutual Fund,543710,,
INF109KC10S8,ICICI Prudential Mutual Fund,543819,,
INF109KC18V5,ICICI Prudential Mutual Fund,543956,,
INF109KC18W3,ICICI Prudential Mutual Fund,544216,,
INF109KC19W1,ICICI Prudential Mutual Fund,544229,,
INF109KC16X5,ICICI Prudential Mutual Fund,544275,,
INF109K1A153,ICICI Prudential Mutual Fund,544394,,
INF109K1A344,ICICI Prudential Mutual Fund,544427,,
INF109K30018,ICICI Prudential Mutual Fund,544696,,
INF109K30026,ICICI Prudential Mutual Fund,544697,,
INF109K30059,ICICI Prudential Mutual Fund,544775,,
INF109K30067,ICICI Prudential Mutual Fund,544776,,
INF346A01034,ICICI Prudential Mutual Fund,555555,,
INE111601014,ICODEX PUBLISHING SOLUTIONS LIMITED,544483,,
INE0Y0E01012,Icon Facilitators Limited,544426,,
INE088P01015,ICONIK SPORTS AND EVENTS LIMITED,511260,,
INE725G01011,ICRA Limited,532835,ICRA,
INE008A01015,IDBI Bank Limited,500116,IDBI,
INE349Y01013,Ideaforge Technology Limited,543932,IDEAFORGE,
INE0PA401012,Identixweb Limited,544388,,
INE092T01019,IDFC First Bank Limited,539437,IDFCFIRSTB,
INE459E01012,IDream Film Infrastructure Company Limited,504375,,
INE172B01017,IEC Education Limited,531840,,
INE056E01024,IEL LIMITED,524614,,
INE076C01018,IFB Agro Industries Limited,507438,IFBAGRO,
INE559A01017,IFB Industries Limited,505726,IFBIND,
INE039A01010,IFCI Limited,500106,IFCI,
INE133Y01011,IFGL Refractories Limited,540774,IFGLEXPOR,
INE714U01024,IFL ENTERPRISES LIMITED,540377,,
INE204A01010,IG Petrochemicals Limited,500199,IGPL,
INE188B01013,Igarashi Motors India Limited,517380,IGARASHI,
INE099S01016,IGC Industries Limited,539449,,
INE489L01022,IIFL Capital Services Limited,542773,IIFLCAPS,
INE530B01024,IIFL Finance Limited,532636,IIFL,
INE670C01026,IIRM HOLDINGS INDIA LIMITED,526530,,
INE786E01018,IITL PROJECTS LIMITED,531968,,
INE0LOJ01019,IKIO Technologies Limited,543923,IKIO,
INE164D01010,IKOMA TECHNOLOGIES LIMITED,531997,,
INE369I01014,IL&FS Engineering and Construction Company Limited,532907,IL&FSENGG,
INE050B01023,IL&FS Investment Managers Limited,511208,IVC,IL & FS Investment Managers Ltd.
INE975G01012,IL&FS Transportation Networks Limited,533177,IL&FSTRANS,
INE172N01012,Imagicaaworld Entertainment Limited,539056,IMAGICAA,
INE611C01020,IMEC SERVICES LIMITED,513295,,
INE635D01027,Inani Marbles & Industries Ltd.,531129,,
INE224C01014,Inani Securities Ltd.,531672,,
INE437C01012,Incap Ltd,517370,,
INE507D01010,Incon Engineers Ltd.,531594,,
INE452L01012,INCREDIBLE INDUSTRIES LIMITED,538365,INCREDIBLE,
INE969D01012,Ind Bank Housing Ltd,523465,,
INE138O01029,IND Renewable Energy Ltd,536709,,
INE115E01010,Ind-Agiv Commerce Ltd.,517077,,
INE915B01019,Ind-Swift Laboratories Limited,532305,INDSWFTLAB,
INE802D01023,Indag Rubber Ltd.,509162,,
INE841B01017,Indbank Merchant Banking Services Limited,511473,INDBANK,Indbank Merchant Banking Services L
INE0O9T01021,Indef Manufacturing Limited,544364,BAJAJINDEF,
INE065X01017,Indegene Limited,544172,INDGN,
INE628F01019,Indergiri Finance ltd.,531505,,
INE429D01017,India Cements Capital Limited,511355,,
INE474O01010,India Finsec Limited,535667,,
INE342D01012,India Gelatine & Chemicals Ltd.,531253,,
INE560A01023,India Glycols Limited,500201,INDIAGLYCO,
INE274E01015,India Home Loan Limited,530979,,
INE072A01029,India Homes Limited,513361,,
INE333C01013,India Lease Devl. Ltd.,500202,,
INE547E01014,India Motor Parts and Accessories Limited,590065,IMPAL,INDIA MOTOR PARTS & ACCESSORIES LTD
INE092B01025,India Nippon Electricals Limited,532240,INDNIPPON,
INE131H01028,India Nivesh Limited,501700,,
INE0D6701023,India Pesticides Limited,543311,IPL,
INE922K01024,India Shelter Finance Corporation Limited,544044,INDIASHLTR,
INE353K01014,India Tourism Development Corporation Limited,532189,ITDC,India Tourism Development Corporati
INE126M01010,Indiabulls Limited,533520,IBULLSLTD,
INE933S01016,Indiamart Intermesh Limited,542726,INDIAMART,
INE862B01013,Indian Acrylics Ltd,514165,,
INE562A01011,Indian Bank,532814,INDIANB,
INE061A01014,Indian Card Clothing Company Limited,509692,INDIANCARD,Indian Card Clothing Ltd
INE022Q01020,Indian Energy Exchange Limited,540750,IEX,
INE323C01030,Indian Hume Pipe Company Limited,504741,INDIANHUME,Indian Hume Pipe Co. Ltd.
INE300B01022,Indian Infotech And Software Ltd.,509051,,
INE359D01024,Indian Link Chain Mnfrs. Ltd.,504746,,
INE919H01018,Indian Metals & Ferro Alloys Limited,533047,IMFA,
INE242A01010,Indian Oil Corporation Limited,530965,IOC,
INE565A01014,Indian Overseas Bank,532388,IOB,
INE335Y01020,Indian Railway Catering And Tourism Corporation Limited,542830,IRCTC,Indian Railway Catering & Tourism Corporation Ltd
INE053F01010,Indian Railway Finance Corporation Limited,543257,IRFC,
INE202E01016,Indian Renewable Energy Development Agency Limited,544026,IREDA,
INE557C01017,Indian Sucrose Ltd.,500319,,
INE611L01021,Indian Terrain Fashions Limited,533329,INDTERRAIN,
INE826B01018,Indian Toners & Developers Ltd.,523586,,
INE09VQ01012,Indigo Paints Limited,543258,INDIGOPNTS,
INE06ST01018,Indiqube Spaces Limited,544454,INDIQUBE,
INE760F01028,Indo Amines Limited,524648,INDOAMIN,
INE803D01021,Indo Borax & Chemicals Limited,524342,INDOBORAX,
INE407P01017,Indo Cotspin Limited,538838,,
INE483B01026,Indo Count Industries Limited,521016,ICIL,
INE147D01015,Indo Credit Capital Ltd.,526887,,
INE319N01019,Indo Euro Indchem Limited,524458,,
INE622H01018,Indo Farm Equipment Limited,544328,INDOFARM,
INE684U01011,Indo Gulf Industries  Ltd.,506945,,
INE156A01020,Indo Rama Synthetics (India) Limited,500207,INDORAMA,
INE0WKY01013,INDO SMC Limited,544681,,
INE332H01014,Indo Tech Transformers Limited,532717,INDOTECH,
INE337M01021,Indo Thai Securities Limited,533676,INDOTHAI,
INE250Z01010,Indo Us Biotech Limited,541304,INDOUS,Indo US Bio-Tech Limited
INE456B01014,Indo-City Infotech Ltd.,532100,,
INE567A01028,Indo-National Limited,504058,NIPPOBATRY,
INE0FK501019,Indobell Insulations Limited,544334,,
INE873D01024,Indoco Remedies Limited,532612,INDOCO,
INE05J901018,Indogulf Cropsciences Limited,544432,IGCL,
INE716F01012,Indokem Ltd,504092,,
INE0KN201016,INDONG TEA COMPANY LIMITED,543769,,
INE866K01023,Indosolar Limited,533257,WAAREEINDO,
INE896L01010,IndoStar Capital Finance Limited,541336,INDOSTAR,
INE227G01018,Indowind Energy Limited,532894,INDOWIND,
INE203G01027,Indraprastha Gas Limited,532514,IGL,Indraprashtha Gas Ltd.
INE681B01017,Indraprastha Medical Corporation Limited,532150,INDRAMEDCO,Indraprastha Medical Corporation Lt
INE007C01021,Indrayani Biotech Ltd.,526445,,
INE867D01018,Indsil Hydro Power and Manganese Limited,522165,,
INE146H01018,Inducto Steels ltd.,532001,,
INE935D01013,Indus Finance Limited,531841,,
INE121J01017,Indus Towers Limited,534816,INDUSTOWER,
INE095A01012,IndusInd Bank Limited,532187,INDUSINDBK,
INE620D01011,Industrial & Prudential Investment Company Limited,501298,INDPRUD,Industrial & Prudential Inv. Co. Lt
INE886A01014,Industrial Investment Trust Limited,501295,IITL,
INE16XA01017,Infinity Infoway Limited,544567,,
INE464Z01017,Inflame Appliances Limited,541083,,
INE663F01032,Info Edge (India) Limited,532777,NAUKRI,
INE344S01016,InfoBeans Technologies Limited,543644,INFOBEAN,
INE669A01022,Infomedia Press Limited,509069,INFOMEDIA,
INE12IB01015,INFONATIVE SOLUTIONS LIMITED,544393,,
INE123E01014,Informed Technologies India Ltd.,504810,,
INE009A01021,Infosys Limited,500209,INFY,
INE463B01036,INFRONICS SYSTEMS LIMITED,537985,,
INE177A01018,Ingersoll Rand (India) Limited,500210,INGERRAND,
INE055O01033,Inland Printers Ltd.,530787,,
INE0LDI01022,INNOKAIZ INDIA LIMITED,543905,,
INE0DUT01020,Innova Captab Limited,544067,INNOVACAP,
INE403Y01018,Innovana Thinklabs Limited,544302,INNOVANA,
INE690J01011,INNOVASSYNTH TECHNOLOGIES (INDIA) LIMITED,533315,,
INE492Y01011,Innovative Ideals and Services (India) Limited,541983,,
INE965C01038,Innovative Tech Pack Ltd,523840,,
INE870Z01015,Innovators Facade Systems Limited,541353,,
INE0ADB01012,Innovision Limited,544732,INNOVISION,
INE510W01014,Inox Green Energy Services Limited,543667,INOXGREEN,
INE616N01034,INOX India Limited,544046,INOXINDIA,
INE066P01011,Inox Wind Limited,539083,INOXWIND,
INE070I01018,Insecticides (India) Limited,532851,INSECTICID,
INE0LGX01024,Insolation Energy Limited,543620,INA,
INE020G01017,Inspirisys Solutions Limited,532774,INSPIRISYS,
INE017E01018,Intec Capital Limited,526871,,
INE366H01012,INTEGRA CAPITAL LIMITED,531314,,
INE984B01023,Integra Engineering India Ltd.,505358,,
INE418N01035,Integra Essentia Limited,535958,ESSENTIA,
INE682B01023,Integrated Capital Services Ltd,539149,,
INE934A01012,Integrated Hi-tech ltd.,532303,,
INE177M01013,Integrated Proteins Ltd.,519606,,
INE038N01015,Integrated Thermoplastics Ltd.,530921,,
INE306R01017,Intellect Design Arena Limited,538835,INTELLECT,
INE781A01025,Intense Technologies Limited,532326,INTENTECH,
INE661M01016,Inter Globe Finance Ltd.,511391,,
INE003B01014,Inter State Oil Carrier Ltd,530259,,
INE064T01018,INTERACTIVE FINANCIAL SERVICES LIMITED,539692,,
INE00M901018,Interarch Building Solutions Limited,544232,INTERARCH,
INE646L01027,InterGlobe Aviation Limited,539448,INDIGO,
INE403C01014,International Combustion (India) Lt,505737,,
INE575C01027,International Conveyors Limited,509709,INTLCONV,
INE649R01010,International Data Managements Ltd.,517044,,
INE0Q9301021,International Gemological Institute Limited,544311,IGIL,
INE262B01016,International Travel House Ltd,500213,,
INE566K01011,Intrasoft Technologies Limited,533181,ISFT,
INE878H01024,Inventure Growth & Securities Limited,533506,INVENTURE,
INE115Q01022,Inventurus Knowledge Solutions Limited,544309,IKS,
INE155E01016,Investment & Precision Castings Limited,504786,INVPRECQ,
INE359A01012,Invigorated Business Consulting Limited,511716,,
INE485C01029,IOL Chemicals and Pharmaceuticals Limited,524164,IOLCP,IOL Chemicals & Pharmaceuticals Ltd
INE570A01022,ION Exchange (India) Limited,500214,IONEXCHANG,
INE558A01019,IP Rings Ltd.,523638,,
INE571A01038,IPCA Laboratories Limited,524494,IPCALAB,
INE821I01022,IRB Infrastructure Developers Limited,532947,IRB,
INE962Y01021,Ircon International Limited,541956,IRCON,
INE01GN01025,Iris Clothings Limited,,IRISDOREME,
INE864K01010,IRIS RegTech Solutions Limited,540735,IRIS,
INE07U701015,IRM Energy Limited,544004,IRMENERGY,
INE791H01011,IRONWOOD EDUCATION LIMITED,508918,,
INE899M01020,iSERA LIFESCIENCES LIMITED,534920,,
INE973B01026,ISF LIMITED,526859,,
INE858B01029,Isgec Heavy Engineering Limited,533033,ISGEC,
INE818R01011,ISHAAN INFRASTRUCTURE AND SHELTERS LIMITED,540134,,
INE561M01018,Ishan Dyes and Chemicals Limited,531109,ISHANCH,
INE806D01016,Ishita Drugs & Industries Ltd.,524400,,
INE073I01012,Ishwarshakti Holdings & Traders Ltd,506161,,
INE569B01022,ISL Consulting Ltd,511609,,
INE684B01029,IST Limited,508807,,
INE532B01020,iStreet Network Limited,524622,,
INE379A01028,ITC Hotels Limited,544325,ITCHOTELS,
INE154A01025,ITC Limited,500875,ITC,
INE0O6A01019,ITCONS E-Solutions Limited,543806,,
INE248A01017,ITI Limited,523610,ITI,ITI Limited (Indian Teleph.Ind.Ltd)
INE478D01014,ITL Industries Ltd.,522183,,
INE056801025,Ivalue Infosolutions Limited,544523,IVALUE,
INE043C01018,IVP Limited,507580,IVP,
INE848A01014,IZMO Limited,532341,IZMO,
INE825B01010,J.A. Finance Limited,543860,,
INE0MB501011,J.G.Chemicals Limited,544138,JGCHEM,
INE584C01011,J.J. Finance Corporation Ltd.,523062,,
INE576I01022,J.Kumar Infraprojects Limited,532940,JKIL,
INE508N01025,Jackson Investments Limited,538422,,
INE144C01014,Jagan Lamps Ltd.,530711,,
INE574A01016,Jagatjit Industries Ltd.,507155,,
INE702H01018,JAGJANANI TEXTILES LIMITED,532825,,
INE199G01027,Jagran Prakashan Limited,532705,JAGRAN,
INE048B01035,Jagsonpal Pharmaceuticals Limited,507789,JAGSNPHARM,
INE582C01015,JAGSONPAL SERVICES LIMITED,530601,,
INE091G01026,Jai Balaji Industries Limited,532976,JAIBALAJI,
INE070D01027,Jai Corp Limited,512237,JAICORPLTD,
INE250C01027,Jai Mata Glass Ltd.,523467,,
INE156E01014,JAIHIND INDUSTRIES LIMITED,514312,,
IN9175A01010,Jain Irrigation Systems Limited,570004,JISLDVREQS,
INE175A01038,Jain Irrigation Systems Limited,500219,JISLJALEQS,
INE780Q01015,Jain Marmo Industries Ltd.,539119,,
INE0YD401026,Jain Resource Recycling Limited,544537,JAINREC,
INE966C01010,Jainco Projects (India) Ltd.,526865,,
INE280F01019,JAINEX AAMCOL LTD.,505212,,
INE058D01030,Jaipan Industries Ltd,505840,,
INE351F01018,Jaiprakash Power Ventures Limited,532627,JPPOWER,
INE718P01017,James Warren Tea Limited,538564,,
INE039C01032,Jamna Auto Industries Limited,520051,JAMNAAUTO,
INE462D01034,JAMSHRI REALTY LIMITED,502901,,
INE953L01027,Jana Small Finance Bank Limited,544118,JSFB,
INE00YJ01010,Jaro Institute of Technology Management and Research Limited,544534,JARO,
INE0QXV01014,JASCH GAUGING TECHNOLOGIES LIMITED,544112,,
INE711C01028,Jasch Industries Ltd.,500220,,
INE039O01029,Jash Engineering Limited,544402,JASH,
INE722N01014,Jattashankar Industries Limited,514318,,
INE593O01017,Jauss Polymers Ltd,526001,,
INE1DRH01011,JAY AMBE SUPERMARKETS LIMITED,544514,,
INE571B01036,Jay Bharat Maruti Limited,520066,JAYBARMARU,
INE0MSS01019,Jay Kailash Namkeen Limited,544160,,
INE289D01015,Jay Ushin Ltd.,513252,,
INE998D01011,Jayabharat Credit Ltd.,501311,,
INE785A01026,Jayant Agro Organics Limited,524330,JAYAGROGN,
INE0KR801019,JAYANT INFRATECH LIMITED,543544,,
INE854B01010,Jayaswal Neco Industries Limited,522285,JAYNECOIND,
INE246D01015,JAYATMA ENTERPRISES LIMITED,539005,,
INE250D01017,JAYATMA INDUSTRIES LIMITED,531323,,
INE903A01025,Jaykay Enterprises Limited,500306,JAYKAY,
INE693E01016,Jayshree Chemicals Ltd.,506520,,
INE364A01020,Jayshree Tea & Industries Limited,509715,JAYSREETEA,Jay Shree Tea & Industries Ltd.
INE263B01022,JAYSYNTH ORGOCHEM LIMITED,524592,,
INE572A01036,JB Chemicals & Pharmaceuticals Limited,506943,JBCHEPHARM,J.B. Chemicals & Pharmaceuticals Lt
INE927D01051,JBM Auto Limited,532605,JBMA,
INE14VP01014,JD CABLES LIMITED,544524,,
INE0J5801029,Jeena Sikho Lifecare Limited,544476,JSLL,
INE987E01012,Jeet Machine Tools Ltd.,513012,,
INE237B01018,Jeevan Scientific Technology Limited,538837,,
INE354A01013,Jenburkt Pharmaceuticals Ltd.,524731,,
INE982V01025,Jet Freight Logistics Limited,543420,JETFREIGHT,
INE155R01018,JET SOLAR LIMITED,538794,,
INE919C01019,Jetking Infotrain Ltd.,517063,,
INE0D9X01018,Jetmall Spices and Masala Limited,543286,,
INE841Y01019,Jhandewalas Foods Limited,540850,,
INE865D01012,Jhaveri Credits & Capital Ltd.,531550,,
INE544H01014,JHS Svendgaard Laboratories Limited,532771,JHS,
INE03DD01011,JHS Svendgaard Retail Ventures Limited,544197,RETAIL,
INE943X01015,Jigar Cables Limited,540651,,
INE356F01017,Jindal Capital Ltd.,530405,,
INE742C01031,Jindal Drilling And Industries Limited,511034,JINDRILL,Jindal Drilling & Industries Ltd.
INE726D01016,Jindal Hotels Ltd.,507981,,
INE796G01012,Jindal Photo Limited,532624,JINDALPHOT,
INE197D01010,Jindal Poly Films Limited,500227,JINDALPOLY,
INE147P01019,Jindal Poly Investment and Finance Company Limited,536773,JPOLYINVST,
INE324A01032,Jindal Saw Limited,500378,JINDALSAW,
INE220G01021,Jindal Stainless Limited,532508,JSL,
INE749A01030,JINDAL STEEL LIMITED,532286,JINDALSTEL,
INE247D01039,Jindal Worldwide Limited,531543,JINDWORLD,
INE1FF001016,Jinkushal Industries Limited,544547,JKIPL,
INE758E01017,Jio Financial Services Limited,543940,JIOFIN,
INE863T01013,JITF Infralogistics Limited,540311,JITFINFRA,
INE690O01011,JK Agri Genetics Limited,536493,,
INE823G01014,JK Cement Limited,532644,JKCEMENT,J.K. CEMENT LTD
INE786A01032,JK Lakshmi Cement Limited,500380,JKLAKSHMI,
INE789E01012,JK Paper Limited,532162,JKPAPER,
INE573A01042,JK Tyre & Industries Limited,530007,JKTYRE,
INE401Q01018,JLA Infraville Shoppers Limited,538765,,
INE780C01023,JM Financial Limited,523405,JMFINANCIL,
INE047E01031,JMD Ventures Limited,511092,,
INE242Q01016,JMJ Fintech Limited,538834,,
INE0OAF01028,JNK India Limited,544167,JNKINDIA,
INE839G01010,Jocil Limited,,JOCIL,
INE515A01019,John Cockerill India Limited,500147,COCKERILL,
INE560F01022,JOHNSON PHARMACARE LIMITED,532154,,
INE024B01010,Joindre Capital Services Ltd.,531861,,
INE131N01018,Jointeca Education Solutions Limited,534659,,
INE312M01016,JOJO LIMITED,531910,,
INE289M01016,Jolly Plastic Industries Ltd.,507968,,
INE793Z01027,Jonjua Overseas Limited,542446,,
INE636D01041,Josts Engineering Co. Ltd.,505750,,
INE581L01018,JSL Industries Ltd.,504080,,
INE718I01012,JSW Cement Limited,544480,JSWCEMENT,
INE133A01011,JSW Dulux Limited,500710,JSWDULUX,
INE121E01018,JSW Energy Limited,533148,JSWENERGY,
INE824G01012,JSW Holdings Limited,532642,JSWHL,
INE880J01026,JSW Infrastructure Limited,543994,JSWINFRA,
INE019A01038,JSW Steel Limited,500228,JSWSTEEL,
INE643A01035,Jtekt India Limited,520057,JTEKTINDIA,
INE391J01032,JTL INDUSTRIES LIMITED,534600,JTLIND,
INE03CC01015,Jubilant Agri and Consumer Products Limited,544355,JUBLCPL,
INE797F01020,Jubilant Foodworks Limited,533155,JUBLFOOD,
INE0BY001018,Jubilant Ingrevia Limited,543271,JUBLINGREA,
INE700A01033,Jubilant Pharmova Limited,530019,JUBLPHARMA,
INE890N01027,JULIEN AGRO INFRATECH LIMITED,536073,,
INE412C01023,Jullundur Motor Agency (Delhi) Limited,,JMA,
INE699D01015,Jumbo Bag ltd.,516078,,
INE122N01017,Jumbo Finance Ltd.,511060,,
INE0WCH01015,JUNGLE CAMPS INDIA LIMITED,544304,,
INE696F01016,Juniper Hotels Limited,544129,JUNIPER,
INE990E01016,Jupiter Industries & Leasing Ltd.,507987,,
INE524N01014,Jupiter Infomedia Limited,534623,,
INE682M01012,Jupiter Life Line Hospitals Limited,543980,JLHL,
INE209L01016,Jupiter Wagons Limited,533272,JWL,
INE599M01018,Just Dial Limited,535648,JUSTDIAL,
INE0W5Q01017,Justo Realfintech Limited,544542,,
INE043R01016,Jyot International Marketing Limited,542544,,
INE668F01031,Jyothy Labs Limited,532926,JYOTHYLAB,
INE980O01024,Jyoti CNC Automation Limited,544081,JYOTICNC,
INE511D01012,Jyoti Ltd.,504076,,
INE577D01013,Jyoti Resins & Adhesives Ltd,514448,,
INE197A01024,Jyoti Structures Limited,513250,JYOTISTRUC,
INE0EOJ01014,K K SILK MILLS LIMITED,544624,,
INE1IE301018,K. V. TOYS INDIA LIMITED,544641,,
INE104A01012,K.G.Denim Ltd,500239,,
INE157H01023,K.M.Sugar Mills Limited,532673,KMSUGAR,
INE127T01021,K.P. Energy Limited,539686,KPEL,
INE930H01031,K.P.R. Mill Limited,532889,KPRMILL,
INE006C01015,K.Z.Leasing & Finance Ltd.,511728,,
INE078T01026,K&R RAIL ENGINEERING LIMITED,514360,,
INE282Y01016,Kaarya Facilities and Services Limited,540756,,
INE926E01010,Kabra Commercial Limited,539393,,
INE323K01017,Kabra Drugs Ltd,524322,,
INE900B01029,Kabra Extrusion Technik Limited,524109,KABRAEXTRU,
INE645C01010,Kabsons Industries Ltd.,524675,,
INE059E01010,Kachchh Minerals Ltd.,531778,,
INE04T901017,Kahan Packaging Limited,543979,,
INE375D01012,Kaira Can Co. Ltd.,504840,,
INE820M01018,Kairosoft AI Solutions Limited,506122,,
INE229G01022,Kaiser Corporation Limited,531780,,
INE891N01017,KAIZEN AGRO INFRABUILD LIMITED,538833,,
INE956V01011,Kajal Synthetics and Silk Mills Ltd,512147,,
INE217B01036,Kajaria Ceramics Limited,500233,KAJARIACER,
INE0P3N01018,Kaka Industries Limited,543939,,
INE437B01014,Kakatiya Cement Sugar & Industries Limited,500234,KAKATCEM,
INE092E01011,Kakatiya Textiles Ltd.,521054,,
INE377D01018,Kalind Limited,526935,,
INE629F01025,KALLAM TEXTILES LTD,530201,,
INE059Q01014,Kalpa Commercial Limited,539014,,
INE227J01012,Kalpataru Limited,544423,KALPATARU,
INE220B01022,Kalpataru Projects International Limited,522287,KPIL,
INE149Q01021,Kalyan Capitals Limited,538778,,
INE303R01014,Kalyan Jewellers India Limited,543278,KALYANKJIL,
INE0N6U01018,Kalyani Cast-Tech Limited,544023,,
INE610E01010,Kalyani Commercials Limited,,KALYANI,
INE314G01014,Kalyani Forge Limited,513509,KALYANIFRG,
INE029L01018,Kalyani Investment Company Limited,533302,KICL,
INE907A01026,Kalyani Steels Limited,500235,KSL,
INE411F01010,Kama Holdings Limited,532468,KAMAHOLD,
INE535C01013,Kamadgiri Fashion Limited,514322,,
INE344D01018,Kamanwala Housing Construction Ltd,511131,,
INE967C01018,Kamat Hotels (I) Limited,526668,KAMATHOTEL,Kamat Hotels (India) ltd.
INE390H01020,Kamdhenu Limited,532741,KAMDHENU,
INE0BTI01037,Kamdhenu Ventures Limited,543747,KAMOPAINTS,
INE879E01037,Kanani Industries Limited,506184,KANANIIND,
INE081G01019,Kanchi Karpooram Limited,538896,KANCHI,
INE398L01017,KANCO TEA & INDUSTRIES LIMITED,541005,,
INE292D01019,Kandagiri Spinning Mills Ltd.,521242,,
INE163401016,KANISHK ALUMINIUM INDIA LIMITED,544693,,
INE791E01018,Kanishk Steel Industries Ltd,513456,,
INE138C01024,Kanoria Chemicals & Industries Limited,506525,KANORICHEM,
INE534E01020,KANORIA ENERGY AND INFRASTRUCTURE LIMITED,539620,,
INE694E01014,Kanpur Plastipack Limited,507779,KANPRPLA,
INE531A01024,Kansai Nerolac Paints Limited,500165,KANSAINER,
INE453S01015,KANUNGO FINANCIERS LIMITED,540515,,
INE332Q01023,Kapil Raj Finance Ltd.,539679,,
INE542Z01028,Kapston Services Limited,,KAPSTON,
INE327D01013,Karan Woo-sin ltd.,526115,,
INE0V8A01016,Karbonsteel Engineering Limited,544511,,
INE725L01011,Karma Energy Limited,533451,KARMAENG,
INE554R01020,Karnavati Finance Limited,538928,,
INE214D01021,Karnawati Innovation Limited,531671,,
INE576P01019,Karnimata Cold Storage Limited,537784,,
INE524U01019,Kartik Investments Trust Ltd.,501151,,
INE036D01028,Karur Vysya Bank Limited,590003,KARURVYSYA,
INE0T1301023,KASTURI METAL COMPOSITE LIMITED,544688,,
INE498G01015,Katare Spinning Mills Ltd.,502933,,
INE237C01016,KATI PATANG LIFESTYLE LIMITED,531126,,
INE234I01028,Kaushalya Infrastructure Development Corporation Limited,532925,KAUSHALYA,
INE455I01029,Kaveri Seed Company Limited,532899,KSCL,
INE641C01019,Kavveri Defence & Wireless Technologies Limited,590041,KAVDEFENCE,
INE961B01013,Kay Power And Paper Ltd,530255,,
INE587G01015,Kaya Limited,539276,KAYA,
INE813G01023,Kaycee Industries Ltd.,504084,,
INE918Z01012,Kaynes Technology India Limited,543664,KAYNES,
INE883D01023,KBS INDIA LIMITED,530357,,
INE185U01035,KCD INDUSTRIES INDIA LIMITED,540696,,
INE469F01026,KCL Infra Projects Limited,531784,,
INE805C01028,KCP Limited,590066,KCP,K.C.P. LTD
INE790B01024,KCP Sugar and Industries Corporation Limited,533192,KCPSUGIND,K C P SUGAR AND INDUSTRIES CORPORATION LTD.
INE291D01011,KDDL Limited,532054,KDDL,
INE389H01022,KEC International Limited,532714,KEC,
INE511J01027,Kedia Construction Co. Ltd.,508993,,
INE145L01012,Keerthi Industries Ltd,518011,,
INE878B01027,KEI Industries Limited,517569,KEI,
INE164B01030,Kellton Tech Solutions Limited,519602,KELLTONTEC,
INE881E01017,Keltech Energies Ltd.,506528,,
INE971L01029,Kemistar Corporation Limited,531163,,
INE060E01018,Kemp & Company Limited,506530,,
INE395E01018,Ken Financial Services Ltd.,530547,,
INE717A01029,Kennametal India Limited,505890,KENNAMET,Kennametal India Limtied
INE0AOG01018,Kenrik Industries Limited,544398,,
INE923Y01023,Kenvi Jewels Limited,540953,,
INE817B01025,Kerala Ayurveda Limited,530163,,
INE202H01019,Kernex Microsystems (India) Limited,532686,KERNEX,
INE133B01027,Kesar Enterprises Ltd.,507180,,
INE0L1C01019,KESAR INDIA LIMITED,543542,,
INE133C01033,Kesar Petroproducts Ltd,524174,,
INE096L01025,Kesar Terminals & Infrastructure Limited,533289,,
INE087A01019,Kesoram Industries Limited,502937,KESORAMIND,
INE401H01017,Kewal Kiran Clothing Limited,532732,KKCL,
INE130F01016,Key Corp Ltd,507948,,
INE681C01015,Keynote Financial Services Limited,512597,KEYFINSERV,
INE263M01029,Keystone Realtors Limited,543669,RUSTOMJEE,
INE138Y01010,Kfin Technologies Limited,543720,KFINTECH,
INE902G01016,KG Petrochem Ltd.,531609,,
INE834I01025,Khadim India Limited,540775,KHADIM,
INE731C01018,Khaitan (India) Limited,590068,KHAITANLTD,
INE745B01028,Khaitan Chemicals & Fertilizers Limited,507794,KHAICHEM,
INE687W01010,Khandelwal Extraction Ltd.,519064,,
INE060B01014,Khandwala Securities Limited,531892,KHANDSE,
INE0OWC01011,Khazanchi Jewellers Limited,543953,,
INE030U01025,Khemani Distributors & Marketing Limited,539788,,
INE731G01027,Khoobsurat Ltd.,535730,,
INE0S9501014,Khyati Global Ventures Limited,544270,,
INE1C3F01018,KIAASA RETAIL LIMITED,544711,,
INE434C01027,KIC Metaliks Ltd.,513693,,
INE845A01028,Kiduja  India  Ltd,507946,,
INE902D01013,KIFS Financial Services Ltd,535566,,
INE338F01015,Kilburn Engineering Limited,522101,KLBRENG-B,
INE729D01010,Kilitch Drugs (India) Limited,524500,KILITCH,Kilitch Drugs (I) Ltd.
INE285U01025,KIMIA BIOSCIENCES LIMITED,530313,,
INE266B01017,Kinetic Engineering Ltd.,500240,,
INE674M01019,Kinetic Trust Ltd.,531274,,
INE473D01015,Kingfa Science & Technology (India) Limited,524019,KINGFA,
INE050N01010,Kings Infra Ventures Limited,530215,,
INE880L01014,KIOCL Limited,540680,KIOCL,
INE293D01017,Kiran Syntex Ltd.,530443,,
INE555P01013,Kiran Vyapar Limited,537750,KIRANVYPAR,
INE415I01015,Kiri Industries Limited,532967,KIRIINDUS,
INE732A01036,Kirloskar Brothers Limited,500241,KIRLOSBROS,
INE134B01017,Kirloskar Electric Company Limited,533193,KECL,
INE884B01025,Kirloskar Ferrous Industries Limited,500245,KIRLFER,
INE250A01039,Kirloskar Industries Limited,500243,KIRLOSIND,
INE146L01010,Kirloskar Oil Engines Limited,533293,KIRLOSENG,
INE811A01020,Kirloskar Pneumatic Company Limited,505283,KIRLPNU,Kirloskar Pneumatic Co.Ltd.
INE102C01020,KISAAN PARIVAR INDUSTRIES LIMITED,519230,,
INE017C01012,Kisan Mouldings Ltd.,530145,,
INE602G01020,Kitex Garments Limited,521248,KITEX,Kitex Garmenets Ltd.
INE0RMR01013,Kizi Apparels Limited,544221,,
INE602C01011,KJMC Corporate Advisors (India) Ltd.,532304,,
INE533C01018,KJMC Financial Services Ltd.,530235,,
INE0OH401016,KK Shah Hospitals Limited,544013,,
INE301C01028,Kkalpana Industries (India) Ltd,526409,,
INE465K01016,Kkalpana Plastick Limited,523652,,
INE879K01018,KMC Speciality Hospitals India Limited,524520,,
INE580H01026,KMF Builders & Developers Ltd.,531578,,
INE873N01015,KMG Milk Food Limited,519415,,
INE870V01014,KMS Medisurgi Limited,540468,,
INE0KNW01016,KN Agri Resources Limited,,KNAGRI,
INE0CJD01029,Knowledge Marine & Engineering Works Limited,543273,KMEW,
INE634I01029,KNR Constructions Limited,532942,KNRCON,
INE881A01015,KOBO BIOTECH LIMITED,531541,,
INE080B01012,Kohinoor Foods Limited,512559,KOHINOOR,
INE760A01029,Kokuyo Camlin Limited,523207,KOKUYOCMLN,
INE094I01018,Kolte - Patil Developers Limited,532924,KOLTEPATIL,
INE971A01014,KONNDOR INDUSTRIES LIMITED,532397,,
INE082A01010,Kopran Limited,524280,KOPRAN,
INE237A01036,Kotak Mahindra Bank Limited,500247,KOTAKBANK,
INF174KA1JD7,Kotak Mahindra Mutual Fund,532985,,
INF174K014P6,Kotak Mahindra Mutual Fund,537708,,
INF373I01023,Kotak Mahindra Mutual Fund - Permitted,590107,,
INF174KA1ZB7,Kotak Mahindra Mutual Fund - Permitted,590136,,
INF174KA1LV5,Kotak Mahindra Mutual Fund - Permitted,590139,,
INF174KA1IA5,Kotak Mahindra Mutual Fund - Permitted,590154,,
INE991B01010,Kothari Fermanatation & Biochem Ltd,507474,,
INE972A01020,Kothari Industrial Corporation Limited,509732,KOTIC,Kothari Industrial Corpn. Ltd.
INE720A01015,Kothari Petrochemicals Limited,,KOTHARIPET,
INE823A01017,Kothari Products Limited,530299,KOTHARIPRO,
INE419A01022,Kothari Sugars And Chemicals Limited,,KOTARISUG,
INE079C01012,Kotia Enterprises Limited,539599,,
INE0J0B01017,Kotyark Industries Limited,544726,KOTYARK,
INE0M8R01011,KOURA FINE DIAMOND JEWELRY LIMITED,544139,,
INE177F01017,Kovai Medical Center & Hospital Limited,523323,KOVAI,
INE735U01011,Kovalam Inv. & Trading Co.Ltd.,505585,,
INE014E01015,KOVILPATTI LAKSHMI ROLLER FLOUR MILLS  LTD,507598,,
INE0QVH01025,KP GREEN ENGINEERING LIMITED,544150,,
INE542W01025,KPI Green Energy Limited,542323,KPIGREEN,
INE04I401011,KPIT Technologies Limited,542651,KPITTECH,
INE731D01024,KPT INDUSTRIES LIMITED,505299,,
INE911T01010,Kranti Industries Limited,542459,,
INE001B01026,KRBL Limited,530813,KRBL,
INE268B01013,Krebs Biochemicals and Industries Limited,524518,KREBSBIO,Krebs Biochemicals & Industries Ltd.
INE302C01018,Kreon Finnancial Services Limited,530139,,
INE128R01023,KRETTO SYSCON LIMITED,531328,,
INE524L01026,Kridhan Infra Limited,533482,KRIDHANINF,
INE506W01012,Krishana Phoschem Limited,,KRISHANA,
INE013J01016,KRISHANVEER FORGE LIMITED,513369,,
INE0GGO01015,Krishival Foods Limited,544416,KRISHIVAL,
IN90GGO01013,KRISHIVAL FOODS LIMITED,890232,,
INE0J5601015,Krishna Defence And Allied Industries Limited,,KRISHNADEF,
INE073A01019,KRISHNA FILAMENT INDUSTRIES LIMITED,500248,,
INE967H01025,Krishna Institute of Medical Sciences Limited,543308,KIMS,
INE537L01010,Krishna Ventures Limited,504392,,
INE479D01038,Kriti Industries (India) Limited,526423,KRITI,
INE798K01010,Kriti Nutrients Limited,533210,KRITINUT,
INE00Z501029,Kritika Wires Limited,,KRITIKA,
INE0Q3J01015,KRN Heat Exchanger and Refrigeration Limited,544263,KRN,
INE0ATZ01017,Kronox Lab Sciences Limited,544187,KRONOX,
INE0O6601022,Kross Limited,544253,KROSS,
INE08LI01020,Krsnaa Diagnostics Limited,543328,KRSNAA,
INE0XZB01017,Krupalu Metals Limited,544509,,
INE951B01014,Krypton Industries Ltd,523550,,
INE0QN801017,Krystal Integrated Services Limited,544149,KRYSTAL,
INE737E01011,KS Smart Technologies Limited,516038,,
INE999A01023,Ksb Limited,500249,KSB,
INE953E01022,KSE Ltd.,519421,,
INE987S01020,KSH International Limited,544664,KSHINTL,
INE013801027,Kshitij Polyline Limited,,KSHITIJPOL,
INE0D6I01023,Ksolves India Limited,543599,KSOLVES,
INE1SPP01016,KSR Footwear Limited,544615,KSR,
INE529I01021,Kuantum Papers Limited,532937,KUANTUM,
INE594R01018,Kuber Udyog Limited,539408,,
INE04CO01018,Kuberan Global Edu Solutions Limited,543289,,
INE795E01019,Kumbhat Financial Services Ltd.,526869,,
INE638D01021,Kunststoffe Industries Ltd.,523594,,
INE175Q01018,Kusam Electrical Industies Ltd.,511048,,
INE979D01011,Kush Industries Limited,514240,,
INE430F01010,Kuwer Industries Ltd.,530421,,
INE163701019,KVS Castings Limited,544554,,
INE552U01010,Kwality Pharmaceuticals Limited,539997,KPL,
INE2KCE01013,Kwality Wall's (India) Limited,544622,KWIL,Kwality Wall’s (India) Limited
INE0TJ801010,L. T. ELEVATOR LIMITED,544518,,
INE0FFF01017,L.K.MEHTA POLYMERS LIMITED,544366,,
INE498L01015,L&T Finance Limited,533519,LTF,
INE010V01017,L&T Technology Services Limited,540115,LTTS,
INE059D01020,La Opala RG Limited,526947,LAOPALA,
INE501N01020,La Tim Metal & Industries Limited,505693,,
INE0NLJ01011,LABELKRAFT TECHNOLOGIES LIMITED,543830,,
INE058I01013,Lactose (India) Ltd.,524202,,
INE213U01019,Ladam Affortable Housing Limited,540026,,
INE519D01015,Ladderup Finance Ltd.,530577,,
INE546I01025,LADDU GOPAL ONLINE SERVICES LIMITED,537707,,
INE919B01011,Laffans Petrochemicals Ltd.,524522,,
INE548Z01017,Lagnam Spintex Limited,,LAGNAM,
INE515C01023,Lahoti Overseas Limited,531842,LAHOTIOV,
INE734D01010,LAKE SHORE REALTY LIMITED,519612,,
INE191O01010,LAKHOTIA POLYESTERS (INDIA) LIMITED,535387,,
INE284C01018,Lakshmi Electrical Control Systems,504258,,
INE718M01022,LAKSHMI ENGINEERING AND WAREHOUSING LIMITED,505302,,
INE850E01012,Lakshmi Finance & Industrial Corporation Limited,,LFIC,
INE938C01019,Lakshmi Mills Company ltd,502958,,
INE651C01018,Lakshmi Precision Screws Limited,506079,LAKPRE,
INE112F01022,Lambodhara Textiles Limited,590075,LAMBODHARA,
INE359U01028,Lancer Container Lines Limited,539841,,
INE572G01025,Lancor Holdings Limited,509048,LANCORHOL,
INE394C01023,Landmarc Leisure Corporation Ltd.,532275,,
INE559R01029,Landmark Cars Limited,543714,LANDMARK,
INE12QA01010,LANDMARK GLOBAL LEARNING LIMITED,544341,,
INE197J01017,Landmark Property Development Company Limited,533012,LPDC,
INE688J01023,Landsmill Green Limited,533090,LANDSMILL,
INE018A01030,Larsen & Toubro Limited,500510,LT,
INE670X01014,Lasa Supergenerics Limited,540702,LASA,
INE404B01022,LAST MILE ENTERPRISES LIMITED,526961,,
INE0I7C01011,Latent View Analytics Limited,543398,LATENTVIEW,
INE262Z01023,Latteys Industries Limited,,LATTEYS,
INE947Q01028,Laurus Labs Limited,540222,LAURUSLABS,
INE801V01019,Laxmi Cotspin Limited,,LAXMICOT,
INE0WO601020,Laxmi Dental Limited,544339,LAXMIDENTL,
INE258Y01016,Laxmi Goldorna House Limited,,LGHL,
INE06WU01026,Laxmi India Finance Limited,544465,LAXMIINDIA,
INE576O01020,Laxmi Organic Industries Limited,543277,LXCHEM,
INE920P01019,LAXMIPATI ENGINEERING WORKS LIMITED,537669,,
INE938A01021,LCC Infotech Limited,532019,LCCINFOTEC,
INE204S01012,LE LAVOIR LIMITED,539814,,
INE0G1L01025,Le Merite Exports Limited,,LEMERITE,
INE0HV901016,Le Travenues Technology Limited,544192,IXIGO,
INE531D01010,Lead Financial Services  Ltd,531288,,
INE715Q01029,LEADING LEASING FINANCE AND INVESTMENT CO. LIMITED,540360,,
INE791B01014,Lee & Nee Softwares (Exports) Ltd.,517415,,
INE0AQ201015,Leela Palaces Hotels & Resorts Limited,544408,THELEELA,
INE976H01018,LEHAR FOOTWEARS LIMITED,532829,,
INE970X01018,Lemon Tree Hotels Limited,541233,LEMONTREE,
INE956O01016,Lenskart Solutions Limited,544600,LENSKART,
INE0RH001011,LEO DRYFRUITS & SPICES TRADING LIMITED,544329,,
INE347D01011,LERTHAI FINANCE LIMITED,502250,,
INE050L01048,Lesha Industries Limited,533602,,
INE860Y01019,Lex Nimble Solutions Limited,541196,,
INE745A01012,LEXORA GLOBAL LIMITED,512345,,
INE185D01015,LEXORAA INDUSTRIES LIMITED,531944,,
INE500X01013,Lexus Granito (India) Limited,,LEXUS,
INE337A01034,LG Balakrishnan & Bros Limited,500250,LGBBROSLTD,L.g.Balkrishnan & Bros. Ltd.
INE324D01010,LG Electronics India Limited,544576,LGEINDIA,
INE201J01017,LGB Forge Limited,533007,,
INE191201016,LGT Business Connextions Limited,544489,,
INE908V01012,Libas Consumer Products Limited,,LIBAS,
INE557B01019,Liberty Shoes Limited,526596,LIBERTSHOE,
INE212B01011,Libord Finance Limited,511593,,
INE267E01019,Libord Securities Ltd.,531027,,
INE115A01026,LIC Housing Finance Limited,500253,LICHSGFIN,
INF767K01OS7,LIC Mutual Fund,539480,,
INF767K01OT5,LIC Mutual Fund,539487,,
INF767K01PC8,LIC Mutual Fund,539784,,
INF767K01RN1,LIC Mutual Fund,544123,,
INE0J1Y01017,Life Insurance Corporation Of India,543526,LICI,
INE920T01011,LIKHAMI CONSULTING LIMITED,539927,,
INE060901027,Likhitha Infrastructure Limited,543240,LIKHITHA,
INE891G01011,Lime Chemicals Ltd.,507759,,
INE802B01027,Linc Limited,531241,LINC,
INE405C01035,Lincoln Pharmaceuticals Limited,531633,LINCOLN,
INE473A01011,Linde India Limited,523457,LINDEINDIA,
INE302F01011,Link Pharma Chem Ltd.,524748,,
INE845B01018,Lippi Systems Ltd.,526604,,
INE341H01023,LKP Securities Limited,540192,,
INE093R01011,LLOYDS ENGINEERING WORKS LIMITED,539992,LLOYDSENGG,
INE080I01025,Lloyds Enterprises Limited,512463,LLOYDSENT,
INE281B01032,Lloyds Metals And Energy Limited,512455,LLOYDSME,
INE269B01029,LMW Limited,500252,LMW,
INE670K01029,Lodha Developers Limited,543287,LODHA,
INE0BSU01018,LOGICA INFOWAY LIMITED,543746,,
INE1BA901016,Logiciel Solutions Limited,544625,,
INE397H01017,Lokesh Machines Limited,532740,LOKESHMACH,
INE180M01033,Longspur International Ventures Limited,504340,,
INE204N01013,Looks Health Services Limited,534422,,
INE846D01012,Lords Chloro Alkali Limited,500284,LORDSCHLO,
INE689J01013,Lords Ishwar Hotels Limited,530065,,
INE740X01023,Lorenzini Apparels Limited,540952,LAL,
INE026D01011,Lotus Chocolate Co. Ltd.,523475,,
INE947I01017,Lotus Eye Hospital and Institute Limited,532998,LOTUSEYE,
INE597L01014,Lovable Lingerie Limited,533343,LOVABLE,
INE876S01017,Loyal Equipments Limited,539227,,
INE970D01010,Loyal Textile Mills Limited,514036,LOYALTEX,Loyal Textiles Mills Ltd
INE818H01020,LT Foods Limited,532783,LTFOODS,
INE214T01019,LTM Limited,540005,LTM,
INE983C01015,Ludlow Jute & Specialities Ltd,526179,,
INE872H01027,Lumax Auto Technologies Limited,532796,LUMAXTECH,
INE162B01018,Lumax Industries Limited,517206,LUMAXIND,
INE326A01037,Lupin Limited,500257,LUPIN,
INE150G01020,Lux Industries Limited,539542,LUXIND,
INE1CJB01013,Luxury Time Limited,544635,,
INE281M01013,LWS Knitwear Ltd,531402,,
INE933A01014,Lyka Labs Limited,500259,LYKALABS,
INE624M01014,Lykis Limited,530689,,
INE100F01019,Lyons Corporate Market Ltd.,531441,,
INE142K01011,Lypsa Gems & Jewellery Limited,534532,LYPSAGEMS,
INE08N601015,M & B Engineering Limited,544470,MBEL,
INE964W01021,M K Proteins Limited,543919,MKPL,
INE808W01012,M LAKHAMSI INDUSTRIES LIMITED,512153,,
INE1PJP01015,M P K STEELS (I) LIMITED,544553,,
INE813V01022,M TEK COPPER LIMITED,,MCL,
INE227F01010,M. K. Exim (India) Ltd.,538890,,
INE159E01026,M.M. Rubber Company Ltd.,509196,,
INE468C01017,M.P. Agro Industries Ltd.,506543,,
INE0YD301010,M.R.MANIVENI FOODS LIMITED,544768,,
INE215I01027,Maan Aluminium Limited,532906,MAANALU,
INE435D01014,Mac Charles India Limited,507836,MCCHRLS-B,
INE004Z01011,Mac Hotels Limited,541973,,
INE0OLH01013,Macfos Limited,543787,,
INE0UYT01018,MACH TRAVEL SOLUTIONS LIMITED,544248,,
INE01BT01015,Machhar Industries Limited,543934,,
INE082B01018,Machino Plastics Ltd,523248,,
INE155Z01011,Macpower CNC Machines Limited,,MACPOWER,
INE002B01016,MADALA HOLDINGS LIMITED,532344,,
INE631R01026,Madhav Infra Projects Limited,539894,MADHAVIPL,
INE925C01016,Madhav Marbles and Granites Limited,515093,MADHAV,Madhav Marbles & Granites Ltd.
INE378D01032,Madhucon Projects Limited,531497,MADHUCON,
INE469C01023,Madhusudan Industries Ltd.,515059,,
INE856D01011,Madhusudan Securities Ltd,511000,,
INE900L01010,Madhya Bharat Agro Products Limited,,MBAPL,
INE414A01015,Madras Fertilizers Limited,590134,MADRASFERT,
INE318N01011,MAESTROS ELECTRONICS & TELECOMMUNICATIONS SYSTEMS LTD,538401,,
INE270B01035,Mafatlal Industries Limited,500264,MAFATIND,
INE0KQQ01011,MAFIA TRENDS LIMITED,543613,,
INE347W01011,Magadh Sugar & Energy Limited,540650,MAGADSUGAR,
INE613C01026,Magellanic Cloud Limited,538891,MCLOUD,
INE0QZ901011,Magenta Lifecare Limited,544188,,
INE437D01010,Magna Electro Castings Ltd.,517449,,
INE664N01018,Magnanimous Trade & Finance Ltd.,512377,,
INE387I01016,Magnum Ventures Limited,532896,MAGNUM,
INE898E01011,MAGNUS STEEL AND INFRA LIMITED,517320,,
INE843B01013,Maha Rashtra Apex Corporation Limited,523384,MAHAPEXLTD,
INE0US801024,Mahalaxmi Fabric Mills Limited,544233,MFML,
INE112D01035,Mahalaxmi Rubtech Limited,514450,MHLXMIRU,
INE257F01017,Mahalaxmi Seamless Ltd.,513460,,
INE0U9D01019,MAHAMAYA LIFESCIENCES LIMITED,544611,,
INE451L01014,Mahamaya Steel Industries Limited,513554,MAHASTEEL,
INE002S01010,Mahanagar Gas Limited,539957,MGL,
INE153A01019,Mahanagar Telephone Nigam Limited,500108,MTNL,
INE272E01027,Maharashtra Corporation Ltd.,505523,,
INE288A01013,Maharashtra Scooters Limited,500266,MAHSCOOTER,
INE271B01025,Maharashtra Seamless Limited,500265,MAHSEAMLES,
INE007G01014,Mahasagar Travels Ltd.,526795,,
INE263W01010,Maheshwari Logistics Limited,,MAHESHWARI,
INE774D01024,Mahindra & Mahindra Financial Services Limited,532720,M&MFIN,
INE101A01026,Mahindra & Mahindra Limited,500520,M&M,
INE215D01010,Mahindra EPC Irrigation Limited,523754,MAHEPC,
INE998I01010,Mahindra Holidays & Resorts India Limited,533088,MHRIL,
INE813A01018,Mahindra Lifespace Developers Limited,532313,MAHLIFE,
INE766P01016,Mahindra Logistics Limited,540768,MAHLOG,
INE00CX01017,Mahip Industries Limited,542503,,
INE0O1T01010,Maiden Forgings Limited,543874,,
INE683C01011,Maithan Alloys Limited,590078,MAITHANALL,
INE501L01024,Maitri Enterprises Limited,513430,,
INE201B01022,Majestic Auto Limited,500267,MAJESAUT,
INE987A01010,Makers Laboratories Ltd.,506919,,
INE389C01015,Mallcom (India) Limited,539400,MALLCOM,
INE0YON01014,MALPANI PIPES AND FITTINGS LIMITED,544351,,
INE994N01019,MALT LAND DISTILLERIES LIMITED,539560,,
INE383H01017,Malu Paper Mills Limited,532728,MALUPAPER,
INE0TO701015,Mamata Machinery Limited,544318,MAMATA,
INE993A01026,Man Industries (India) Limited,513269,MANINDS,
INE949H01023,Man Infraconstruction Limited,533169,MANINFRA,
INE859Q01017,Manaksia Aluminium Company Limited,539045,MANAKALUCO,
INE830Q01018,Manaksia Coated Metals & Industries Limited,539046,MANAKCOAT,
INE015D01022,Manaksia Limited,532932,MANAKSIA,
INE824Q01011,Manaksia Steels Limited,539044,MANAKSTEEL,
INE201A01024,Manali Petrochemicals Limited,500268,MANALIPETC,
INE522D01027,Manappuram Finance Limited,531213,MANAPPURAM,
INE800W01019,Manas Properties Limited,540402,,
INE939X01013,Manba Finance Limited,544262,MANBA,
INE348N01042,Manbro Industries Limited,512595,,
INE0RU901015,Mangal Compusolution Limited,544287,,
INE545L01039,Mangal Credit and Fincorp Limited,505850,MANCREDIT,
INE0PKD01011,Mangal Electrical Industries Limited,544492,MEIL,
INE347A01017,Mangalam Cement Limited,502157,MANGLMCEM,
INE584F01014,Mangalam Drugs And Organics Limited,532637,MANGALAM,
INE0APB01032,Mangalam Global Enterprise Limited,544273,MGEL,
INE717C01025,Mangalam Industrial Finance Limited,537800,,
INE370D01013,Mangalam Organics Limited,514418,MANORG,
INE829S01016,Mangalam Seeds Limited,539275,,
INE0JYY01011,Mangalam Worldwide Limited,544764,MWL,
INE103A01014,Mangalore Refinery and Petrochemicals Limited,500109,MRPL,Mangalore Refinery & Petrochemicals
INE733N01011,Manglam Global Corporations Limited,503626,,
INE798E01013,Manipal Finance Corporation Ltd.,507938,,
INE634S01028,Mankind Pharma Limited,543904,MANKIND,
INE0A6N01026,Manoj Ceramic Limited,544073,,
INE0MV001018,Manoj Jewellers Limited,544400,,
INE0KNT01012,Manoj Vaibhav Gems N Jewellers Limited,543995,MVGJL,
INE784W01015,Manomay Tex India Limited,540396,MANOMAY,
INE00VM01036,Manorama Industries Limited,541974,MANORAMA,
INE948I01015,Manraj Housing Finance Ltd.,530537,,
INE094E01017,Mansi Finance (Chennai) Ltd,511758,,
INE776V01013,Mansoon Trading Co. Ltd.,512303,,
INE304E01010,Mantra Capital Limited,511577,,
INE867A01022,Manugraph India Limited,505324,MANUGRAPH,
INE848M01019,Mapro Industries Ltd,509762,,
INE882A01013,Maral Overseas Limited,521018,MARALOVER,
INE182D01020,Marathon Nextgen Realty Limited,503101,MARATHON,
INE807H01023,MARBLE CITY INDIA LIMITED,531281,,
INE0TBQ01014,MARC LOIRE FASHIONS LIMITED,544437,,
INE277E01026,Mardia Samyoung Capillary Tubes Co.,513544,,
INE245H01018,MARG TECHNO PROJECTS LIMITED,540254,,
INE680B01019,Margo Finance Limited,500206,,
INE196A01026,Marico Limited,531642,MARICO,
INE01JE01028,Marine Electricals (India) Limited,,MARINE,
INE866D01010,Maris Spinners Ltd.,531503,,
INE944C01017,Market Creators Ltd.,526891,,
INE0FW001016,Markolines Pavement Technologies Limited,543364,MARKOLINES,
INE750C01026,Marksans Pharma Limited,524404,MARKSANS,
INE415B01044,Marsons Limited,517467,MARSONS,
INE199D01016,Martin Burn Ltd,523566,,
INE368C01019,MARUTI GLOBAL INDUSTRIES LIMITED,531319,,
INE392G01028,Maruti Infrastructure Ltd.,531540,,
INE0JSJ01014,Maruti Interior Products Limited,543464,,
INE585B01010,Maruti Suzuki India Limited,532500,MARUTI,
INE348L01012,MAS Financial Services Limited,540749,MASFIN,
INE885F01015,Mask Investments Limited,,MASKINVEST,
INE759A01021,Mastek Limited,523704,MASTEK,
INE677D01037,Master Trust Limited,511768,MASTERTR,
INE866R01028,Matrimony.Com Limited,540704,MATRIMONY,
INE150D01027,MAURIA UDYOG LIMITED,539219,,
INE636A01039,Mawana Sugars Limited,523371,MAWANASUG,
INE03EI01018,Max Estates Limited,544008,MAXESTATES,
INE180A01020,Max Financial Services Limited,500271,MFSL,
INE027H01010,Max Healthcare Institute Limited,543220,MAXHEALTH,
INE393F01010,Max heights Infrastucture Ltd,534338,,
INE0CG601016,Max India Limited,543223,MAXIND,
INE544W01021,Maximus International Limited,540401,,
INE0R5Z01015,Mayank Cattle Food Limited,544106,,
INE262W01012,Mayur Floorings Ltd.,531221,,
INE799E01011,Mayur Leather Products Ltd.,531680,,
INE040D01038,Mayur Uniquoters Ltd,522249,MAYURUNIQ,
INE249Z01020,Mazagon Dock Shipbuilders Limited,543237,MAZDOCK,
INE885E01042,Mazda Limited,523792,MAZDA,
INE912H01013,MBL Infrastructure Limited,533152,MBLINFRA,
INE942G01012,Mcleod Russel India Limited,532654,MCLEODRUSS,
INE456Z01021,Medi Assist Healthcare Services Limited,544088,MEDIASSIST,
INE442D01010,Medi-Caps Ltd.,523144,,
INE200D01020,Media Matrix Worldwide Limited,512267,MMWL,
INE828I01019,Mediaone Global Entertainment Limited,503685,,
INE646B01010,Medicamen Biotech Limited,531146,MEDICAMEQ,
INE858Q01019,Medico Intercontinental Limited,539938,,
INE630Y01024,Medico Remedies Limited,540937,MEDICO,
INE804L01022,Medplus Health Services Limited,543427,MEDPLUS,
INE721V01019,Meenakshi Steel Industries Ltd.,512505,,
INE343X01026,Meera Industries Limited,540519,,
INE0VDM01015,Meesho Limited,544632,MEESHO,
INE186C01023,Mefcom Capital Markets Ltd.,531176,,
INE804B01023,Mega Corporation Ltd,531417,,
INE216Q01010,Mega Nirman & Industries Limited,539767,,
INE317D01014,MEGAMONT LIMITED,523888,,
INE00EM01016,Megastar Foods Limited,541352,MEGASTAR,
INE0CT101020,Meghmani Organics Limited,543331,MOL,
INE898Q01015,Meghna Infracon Infrastructure Limited,538668,,
INE756R01013,Megri Soft Limited,539012,,
INE062Y01020,Mehai Technology  Limited,540730,,
INE240B01012,Mehta Integrated Finance Ltd.,511377,,
INE241B01010,Mehta Securities Ltd.,511738,,
INE1KH601014,MEHUL COLOURS LIMITED,544472,,
INE1K0V01011,MEHUL TELECOM LIMITED,544751,,
INE148B01033,MENA MANI INDUSTRIES LIMITED,531127,,
INE071D01033,Menon Bearings Limited,523828,MENONBE,
INE650G01029,Menon Pistons Limited,531727,MENNPIS,
INE776I01010,MEP Infrastructure Developers Limited,539126,MEP,
INE689O01013,Mercantile Ventures Limited,538942,MERCANTILE,
INE763M01028,Mercury Ev-Tech Limited,531357,MERCURYEV,
INE947G01011,Mercury Laboratories Limited,538964,,
INE319T01016,Mercury Trade Links Ltd.,512415,,
INE1RQS01010,Merritronix Limited,544773,,
INE162901016,META INFOTECH LIMITED,544441,,
INE161E01014,Metal Coatings (India) Ltd.,531810,,
INE0QZR01017,Methodhub Software Limited,544637,,
INE317I01021,Metro Brands Limited,543426,METROBRAND,
INE085D01033,Metroglobal Limited,500159,METROGLOBL,
INE112L01020,Metropolis Healthcare Limited,542650,METROPOLIS,
INE957U01011,Mewar Hi-Tech Engineering Limited,540150,,
INE100C01024,Meyer Apparel Limited,531613,,
INE244C01020,MFL India Ltd,526622,,
INE614F01019,MFS Intercorp Limited,513721,,
INE287C01037,MIC Electronics Limited,532850,MICEL,
INE809F01015,Microse India Limited,523343,,
INE033E01015,Mid East Portfolio Management Ltd.,526251,,
INE401C01018,Mid India Industries Limited,500277,,
INE046M01036,Midland Polymers Ltd.,531597,,
INE519N01014,Midwest Gold Ltd,526570,,
INE0XAD01024,Midwest Limited,544587,MIDWESTLTD,
INE779Q01017,Mihika Industries Ltd.,538895,,
INE424Z01011,Milestone Furniture Limited,541337,,
INE151H01018,Milestone Global Limited,531338,,
INE679T01013,MILGREY FINANCE & INVESTMENT LTD,511018,,
INE588G01021,Milkfood Ltd.,507621,,
INE570N01025,Millennium Online Solutions (India) Ltd,511187,,
INE097E01028,Minal Industries Limited,522235,,
INE952C01028,Minaxi Textiles Ltd.,531456,,
INE842C01021,Minda Corporation Limited,538962,MINDACORP,
INE110B01017,Mindteck (India) Limited,517344,MINDTECK,
INE281E01028,Mini Diamonds (India) Ltd.,523373,,
INF769K01EG9,Mirae Asset Mutual Fund,542131,,
INF769K01FN2,Mirae Asset Mutual Fund,542922,,
INF769K01GS9,Mirae Asset Mutual Fund,543246,,
INF769K01HF4,Mirae Asset Mutual Fund,543291,,
INF769K01HI8,Mirae Asset Mutual Fund,543323,,
INF769K01HP3,Mirae Asset Mutual Fund,543365,,
INF769K01HS7,Mirae Asset Mutual Fund,543414,,
INF769K01IB1,Mirae Asset Mutual Fund,543454,,
INF769K01IC9,Mirae Asset Mutual Fund,543481,,
INF769K01JU9,Mirae Asset Mutual Fund,543858,,
INF769K01KR3,Mirae Asset Mutual Fund,543944,,
INF769K01KT9,Mirae Asset Mutual Fund,543999,,
INF769K01KV5,Mirae Asset Mutual Fund,544006,,
INF769K01KU7,Mirae Asset Mutual Fund,544007,,
INF769K01LC3,Mirae Asset Mutual Fund,544130,,
INF769K01LJ8,Mirae Asset Mutual Fund,544180,,
INF769K01LQ3,Mirae Asset Mutual Fund,544212,,
INF769K01LX9,Mirae Asset Mutual Fund,544241,,
INF769K01LZ4,Mirae Asset Mutual Fund,544266,,
INF769K01LY7,Mirae Asset Mutual Fund,544268,,
INF769K01NS5,Mirae Asset Mutual Fund,544323,,
INF769K01ON4,Mirae Asset Mutual Fund,544376,,
INF769K01OA1,Mirae Asset Mutual Fund,544377,,
INF769K01OO2,Mirae Asset Mutual Fund,544401,,
INF769K01PB6,Mirae Asset Mutual Fund,544438,,
INF769K01PR2,Mirae Asset Mutual Fund,544604,,
INF769K01PQ4,Mirae Asset Mutual Fund,544605,,
INF769K01PZ5,Mirae Asset Mutual Fund,544660,,
INF769K01PY8,Mirae Asset Mutual Fund,544661,,
INF769K01QA6,Mirae Asset Mutual Fund,544701,,
INF769K01QB4,Mirae Asset Mutual Fund,544704,,
INF769K01QC2,Mirae Asset Mutual Fund,544705,,
INF769K01QV2,Mirae Asset Mutual Fund,544737,,
INF769K30019,Mirae Asset Mutual Fund,544787,,
INF769K30027,Mirae Asset Mutual Fund,544788,,
INF769K30035,Mirae Asset Mutual Fund,544789,,
INF769K30043,Mirae Asset Mutual Fund,544790,,
INF769K30050,Mirae Asset Mutual Fund,544791,,
INF769K30068,Mirae Asset Mutual Fund,544792,,
INE831A01028,MIRC Electronics Limited,500279,MIRCELECTR,ONIDA ELECTRONICS LIMITED
INE771A01026,Mirza International Limited,526642,MIRZAINT,
INE0QI101019,Mish Designs Limited,544015,,
INE540S01019,Mishka Exim Limited,539220,,
INE099Z01011,Mishra Dhatu Nigam Limited,541195,MIDHANI,
INE094S01041,Mishtann Foods Limited,539594,,
INE957W01025,Misquita Engineering Limited,542801,,
INE828O01033,MITCON Consultancy & Engineering Services Limited,,MITCON,
INE844D01017,Mitshi India Limited,523782,,
INE317V01016,Mitsu Chem Plast Limited,540078,,
INE997Y01027,Mittal Life Style Limited,,MITTAL,
INE833Q01012,Mittal Sections Limited,544575,,
INE338P01014,Miven Machine Tools Ltd.,522036,,
INE681K01026,MIZZEN VENTURES LIMITED,531537,,
INE676G01024,MKP Mobility Limited,521244,,
INE874A01010,MKVENTURES CAPITAL LIMITED,514238,,
INE227C01017,MM Forgings Limited,522241,MMFL,M.M.Forgings Ltd.
INE511Y01018,MMP Industries Limited,,MMP,
INE123F01029,MMTC Limited,513377,MMTC,
INE622Q01027,Mobavenue AI Tech Limited,539682,,
INE380D01012,Modella Woollens Ltd.,503772,,
INE617B01011,Modern Dairies Ltd.,519287,,
INE1HK501016,MODERN DIAGNOSTIC & RESEARCH CENTRE LIMITED,544673,,
INE250S01015,MODERN ENGINEERING AND PROJECTS LIMITED,539762,,
INE219W01012,Modern Insulators Ltd.,515008,,
INE834C01028,Modern Malleables Limited,517336,,
INE370A01019,Modern Shares and Stockbrokers Ltd.,509760,,
INE001F01019,Modern Steels Limited,513303,,
INE794W01014,Modern Threads (India) Limited,500282,MODTHREAD,Modern Thread (India) Ltd.
INE537F01012,Modi Naturals Limited,519003,MODINATUR,
INE832A01018,Modi Rubber Limited,500890,MODIRUBBER,
INE170C01019,Modipon Ltd.,503776,,
INE0L0L01012,Modis Navnirman Limited,543539,MODIS,MODI’S NAVNIRMAN LIMITED
INE737D01021,MODISON LIMITED,506261,MODISONLTD,
INE064R01012,MODULEX CONSTRUCTION TECHNOLOGIES LIMITED,504273,,
INE954E01012,Mohit Industries Limited,531453,MOHITIND,
INE388C01017,Mohit Paper Mills Ltd.,530169,,
INE154B01023,Mohite Industries Limited,532140,,
INE490G01020,MOIL Limited,533286,MOIL,
INE514Y01020,Moksh Ornaments Limited,,MOKSH,
INE893J01029,Mold-Tek Packaging Limited,533080,MOLDTKPAC,
INE835B01035,Mold-Tek Technologies Limited,526263,MOLDTECH,
INE903D01011,Monarch Networth Capital Limited,511551,MONARCH,
INE0V0L01028,Monarch Surveyors and Engineering Consultants Limited,544453,,
INE340O01021,Money Masters Leasing & Finance Limited,535910,,
INE296Q01012,Moneyboxx Finance Limited,538446,MONEYBOXX,
INE0LCG01010,MONIKA ALCOBEV LIMITED,544451,,
INE407E01029,MONIND LIMITED,532078,,
INE811D01024,Monotype India Ltd.,505343,,
INE950M01013,Monte Carlo Fashions Limited,538836,MONTECARLO,
INE153K01018,Moongipa Capital Finance Ltd.,530167,,
INE161G01027,Morarjee Textiles Limited,532621,MORARJEE,
INE367A01015,Morarka Finance Ltd.,511549,,
INE083A01026,Morepen Laboratories Limited,500288,MOREPENLAB,
INE902C01015,Morgan Ventures Ltd.,526237,,
INE935B01025,Moschip Technologies Limited,532407,MOSCHIP,
INE0UH001016,Mother Nutri Foods Limited,544623,,
INE0FS801015,Motherson Sumi Wiring India Limited,543498,MSUMI,
INE338I01027,Motilal Oswal Financial Services Limited,532892,MOTILALOFS,
INF247L01023,Motilal Oswal Mutual Fund,536960,,
INF247L01AU3,Motilal Oswal Mutual Fund,543437,,
INF247L01BK2,Motilal Oswal Mutual Fund,543465,,
INF247L01BL0,Motilal Oswal Mutual Fund,543501,,
INF247L01BB1,Motilal Oswal Mutual Fund,543563,,
INF247L01BE5,Motilal Oswal Mutual Fund,543576,,
INF247L01BH8,Motilal Oswal Mutual Fund,543577,,
INF247L01536,Motilal Oswal Mutual Fund-Permitted,590115,,
INF247L01CH6,Motilal Oswal Mutual Fund-Permitted,590148,,
INF247L01EV3,Motilal Oswal Mutual Fund-Permitted,590149,,
INF247L01CI4,Motilal Oswal Mutual Fund-Permitted,590150,,
INF247L01DK8,Motilal Oswal Mutual Fund-Permitted,590151,,
INF247L01DJ0,Motilal Oswal Mutual Fund-Permitted,590152,,
INF247L01BU1,Motilal Oswal Mutual Fund-Permitted,590153,,
INE0FRK01020,Motisons Jewellers Limited,544053,MOTISONS,
INE444X01014,MOUNT HOUSING AND INFRASTRUCTURE LIMITED,542864,,
INE493H01014,MPDL LIMITED,532723,,
INE095E01022,MPF Systems Limited,532470,,
INE356A01018,MphasiS Limited,526299,MPHASIS,
INE844C01027,MPIL CORPORATION LIMITED,500450,,
INE343A01016,MPL Plastics Limited,526143,,
INE943D01017,MPS Limited,532440,MPSLTD,
INE333Y01017,MRC AGROTECH LIMITED,540809,,
INE883A01011,MRF Limited,500290,MRF,M.R.F. Ltd.
INE0D7801012,MRP Agro Limited,543262,,
INE495P01020,Mrs. Bectors Food Specialities Limited,543253,BECTORFOOD,
INE738D01029,Mrugesh Trading Ltd.,512065,,
INE2B5L01011,Msafe Equipments Limited,544695,,
INE752G01015,MSP Steel & Power Limited,532650,MSPL,
INE255X01014,Mstc Limited,542597,MSTCLTD,
INE472M01018,MT Educare Limited,534312,MTEDUCARE,
INE864I01014,Mtar Technologies Limited,543270,MTARTECH,
INE967S01014,Mudra Financial Services Ltd.,539819,,
INE08KJ01020,Mufin Green Finance Limited,542774,MUFIN,
INE304A01026,Mukand Limited,500460,MUKANDLTD,
INE862C01029,Mukat Pipes Limited,523832,,
INE596B01017,Mukesh Babu Financial Services Ltd.,530341,,
INE0CG401037,Mukka Proteins Limited,544135,MUKKA,
INE160O01031,Mukta Agriculture Limited,535204,,
INE374B01019,Mukta Arts Limited,532357,MUKTAARTS,
INE003F01015,Muller & Phipps (India) Ltd.,501477,,
INE745G01043,Multi Commodity Exchange of India Limited,534091,MCX,
INE678F01014,Multibase India Ltd,526169,,
INE886E01016,Multiplus Holdings Ltd.,505594,,
INE017P01014,Multipurpose Trading & Agencies Ltd,504356,,
INE672B01032,Munjal Auto Industries Limited,520059,MUNJALAU,
INE577A01027,Munjal Showa Limited,520043,MUNJALSHOW,
INE910G01027,Munoth Capital Market Ltd,511200,,
INE410E01015,MUNOTH COMMUNICATION LIMITED,511401,,
INE348D01019,Munoth Financial Services Ltd.,531821,,
INE692B01014,Murudeshwar Ceramics Limited,515037,MURUDCERA,
INE919I01024,Music Broadcast Limited,540366,RADIOCITY,
INE296G01013,Muthoot Capital Services Limited,511766,MUTHOOTCAP,
INE414G01012,Muthoot Finance Limited,533398,MUTHOOTFIN,
INE046W01019,Muthoot Microfin Limited,544055,MUTHOOTMF,
INE232L01018,My Money Securities Ltd.,538862,,
INE741A01011,Mysore Petro Chemicals Ltd.,506734,,
INE159O01033,Mystic Electronics Limited,535205,,
INE740D01017,N R Agarwal Industries Limited,516082,NRAIL,
INE365I01020,N. B. I. Industrial Finance Company Limited,,NBIFIN,
INE006F01018,N.B. Footwear Ltd.,523242,,
INE825C01018,N.G.Industries Ltd.,530897,,
INE0GOA01018,Naapbooks Limited,543351,,
INE0LB101011,NACDAC Infrastructure Limited,544313,,
INE295D01020,NACL Industries Limited,524709,NACLIND,
INE756C01015,Naga Dhunseri Group Limited,,NDGL,
INE099E01016,Nagpur Power & Industries Ltd,532362,,
INE245I01016,Nagreeka Capital & Infrastructure Limited,532895,NAGREEKCAP,
INE123B01028,Nagreeka Exports Limited,521109,NAGREEKEXP,
INE049I01012,Nahar Capital and Financial Services Limited,532952,NAHARCAP,Nahar Capital & Financial Services Ltd.
INE289A01011,Nahar Industrial Enterprises Limited,519136,NAHARINDUS,
INE308A01027,Nahar Poly Films Limited,523391,NAHARPOLY,Nahar Polyfilms Ltd.
INE290A01027,Nahar Spinning Mills Limited,500296,NAHARSPING,
INE236Y01012,Nakoda Group of Industries Limited,541418,NGIL,
INE256S01012,Naksh Precious Metals Limited,539402,,
INE606C01012,Nalin Lease Finance Ltd.,531212,,
INE023A01030,Nalwa Sons Investments Limited,532256,NSIL,Nalwa Sons Investment Ltd
INE792G01011,Nam Securities Ltd.,538395,,
INE0E5R01017,Nanavati Ventures Limited,543522,,
INE875G01048,Nandan Denim Limited,532641,NDL,
INE696V01013,Nandani Creation Limited,,JAIPURKURT,
INE0YJA01011,NANTA TECH LIMITED,544668,,
INE585A01020,Naperol Investments Limited,500298,,
INE0VNH01014,NAPS Global India Limited,544373,,
INE410P01011,Narayana Hrudayalaya Ltd.,539551,NH,
INE603F01012,Narendra Properties Ltd.,531416,,
INE117Z01011,Narmada Agrobase Limited,543643,NARMADA,
INE869A01010,Narmada Gelatines Ltd.,526739,,
INE060D01028,Narmada Macplast Drip Irrigation Sy,517431,,
INE0S1B01014,Narmadesh Brass Industries Limited,544680,,
INE987B01026,Natco Pharma Limited,524816,NATCOPHARM,
INE448G01010,Nath Bio-Genes (India) Limited,537291,NATHBIOGEN,Nath Biogene India Ltd.
INE777A01023,NATH INDUSTRIES LIMITED,502587,,
INE139A01034,National Aluminium Company Limited,532234,NATIONALUM,National Aluminium Co. Ltd.
INE870D01012,National Fertilizers Limited,523630,NFL,
INE643C01015,National Fittings Limited,531289,,
INE654H01011,National General Industries Ltd.,531651,,
INE296D01010,National Oxygen Ltd.,507813,,
INE0PO601011,National Peroxide Limited,544205,,
INE233D01013,National Plastic Industries Ltd.,526616,,
INE896D01017,National Plastic Technologies Ltd,531287,,
INE497C01016,National Plywood Industries Ltd.,516062,,
INE301O01023,National Securities Depository Limited,544467,,
INE166R01015,National Standard (India) Limited,504882,NATIONSTD,
INE444D01016,Natraj Proteins Ltd.,530119,,
INE487B01019,Natura Hue Chem Ltd.,531834,,
INE06MM01016,Natural Biocon (India) Limited,543207,,
INE936B01015,Natural Capsules Limited,524654,NATCAPSUQ,
INE0N4701016,Naturewings Holidays Limited,544245,,
INE223R01014,Naturite Agro Products Limited,538926,,
INE725A01030,NAVA LIMITED,513023,NAVA,
INE364T01012,Navigant Corporate Advisors Limited,539521,,
INE048G01026,Navin Fluorine International Limited,532504,NAVINFLUOR,
INE278M01019,Navkar Corporation Limited,539332,NAVKARCORP,
INE268H01044,Navkar Urbanstructure Limited,531494,NAVKARURB,
INE060A01024,Navneet Education Limited,508989,NAVNETEDUL,
INE418L01047,Nazara Technologies Limited,543280,NAZARA,
INE095N01031,NBCC (India) Limited,534309,NBCC,
INE630N01019,NCC Bluewater Products Ltd.,519506,,
INE868B01028,NCC Limited,500294,NCC,
INE732C01016,NCL Industries Limited,502168,NCLIND,
INE132F01038,NCL Research And Financial Services,530557,,
INE026C01013,NDA Securities ltd.,511535,,
INE353A01023,NDL Ventures Limited,500189,NDLVENTURE,
INE07OG01012,Ndr Auto Components Limited,543214,NDRAUTO,
INE023H01027,Nectar Lifesciences Limited,532649,NECLIFE,
INE605D01012,Neelamalai Agro Industries Limited,508670,NEAGI,
INE581D01015,NEELKANTH LIMITED,512565,,
INE741D01015,Neelkanth Rockminerals ltd.,531049,,
INE894J01019,NEERAJ PAPER MARKETING LIMITED,539409,,
INE0UZO01024,Neetu Yoshi Limited,544434,,
INE396C01010,Neil Industries Ltd.,539016,,
INE189I01024,Nelcast Limited,532864,NELCAST,
INE045B01015,NELCO Limited,504112,NELCO,
INE216I01017,Neo Infracon Ltd.,514332,,
INE136S01016,Neogen Chemicals Limited,542665,NEOGEN,
INE471R01019,NEOPOLITAN PIZZA AND FOODS LIMITED,544269,,
INE428V01029,Nephrocare Health Services Limited,544647,NEPHROPLUS,
INE1NQ501012,NEPTUNE LOGITEK LIMITED,544663,,
INE317F01035,Nesco Limited,505355,NESCO,
INE239A01024,Nestle India Limited,500790,NESTLEIND,
INE0D5F01013,Net Pix Shorts Digital Media Limited,543247,,
INE040F01033,Netlink Solutions (India) Ltd.,509040,,
INE027D01019,Nettlinx Ltd.,511658,,
INE0NT901020,Netweb Technologies India Limited,543945,NETWEB,
INE0FFK01017,Network People Services Technologies Limited,544396,NPST,
INE870H01013,Network18 Media & Investments Limited,532798,NETWORK18,Network 18 Media & Investments Limited
INE794A01010,Neuland Laboratories Limited,524558,NEULANDLAB,
INE155G01029,New Delhi Television Limited,532529,NDTV,
INE835U01027,NEW LIGHT INDUSTRIES LIMITED,540243,,
INE800K01014,NEW MARKETS AVENUE LIMITED,508867,,
INE0GEN01012,New Swan Multitech Limited,544082,,
INE619B01017,Newgen Software Technologies Limited,540900,NEWGEN,
INE997D01021,Newtime Infrastructure Limited,531959,,
INE229N01010,NEWTRAC FOODS & BEVERAGES LIMITED,514060,,
INE641A01013,NEXOME CAPITAL MARKETS LIMITED,508905,,
INE747B01016,Next Mediaworks Limited,532416,NEXTMEDIA,
INE370Q01015,NEXUS SURGICAL AND MEDICARE LIMITED,538874,,
INE0QUL01011,Nexxus Petro Industries Limited,544265,,
INE887E01022,NGL Fine-Chem Limited,524774,NGLFINE,
INE141C01036,NHC FOODS LIMITED,517554,,
INE848E01016,NHPC Limited,533098,NHPC,
INE149O01018,NIBE Limited,535136,NIBE,
INE653C01022,Nicco Parks And Resorts Ltd.,526721,,
INE276H01013,Nidhi Granites Limited,512103,,
INE876E01033,Nihar Info Global Ltd.,531083,,
INE342G01023,NIIT Learning Systems Limited,543952,NIITMTS,
INE161A01038,NIIT Limited,500304,NIITLTD,
INE926C01022,Nikhil Adhesives Ltd.,526159,,
INE0GX601011,Niks Technology Limited,543282,,
INE937C01029,Nila Infrastructures Limited,530377,NILAINFRA,
INE00S901012,Nila Spaces Limited,542231,NILASPACES,
INE346R01013,NILACHAL CARBO METALICKS LIMITED,544510,,
INE416N01013,Nilachal Refractories Ltd.,502294,,
INE445D01013,Nile Limited,530129,NILE,
INE310A01015,Nilkamal Limited,523385,NILKAMAL,
INE582V01015,Nilkanth Engineering Ltd.,512004,,
INE875B01015,Nimbus Projects Limited,511714,NIMBSPROJ,
INE395U01014,NINtec Systems Limited,539843,NINSYS,
INF204K014N5,Nippon India Mutual Fund,537483,,
INF457M01133,Nippon India Mutual Fund,538057,,
INF204KA1UN7,Nippon India Mutual Fund,538683,,
INF204KB15D0,Nippon India Mutual Fund,542747,,
INF204KB11T5,Nippon India Mutual Fund,543144,,
INF204KB12S5,Nippon India Mutual Fund,543145,,
INF204KB12T3,Nippon India Mutual Fund,543146,,
INF204KB13S3,Nippon India Mutual Fund,543147,,
INF204KB14S1,Nippon India Mutual Fund,543148,,
INF204KB15S8,Nippon India Mutual Fund,543149,,
INF204KB16S6,Nippon India Mutual Fund,543150,,
INF204KB17R6,Nippon India Mutual Fund,543151,,
INF204KB17S4,Nippon India Mutual Fund,543152,,
INF204KB18R4,Nippon India Mutual Fund,543153,,
INF204KB18S2,Nippon India Mutual Fund,543154,,
INF204KB19R2,Nippon India Mutual Fund,543155,,
INF204KB19S0,Nippon India Mutual Fund,543156,,
INF204KB10S9,Nippon India Mutual Fund,543168,,
INF204KB10T7,Nippon India Mutual Fund,543169,,
INF204KB11S7,Nippon India Mutual Fund,543170,,
INF204KB14U7,Nippon India Mutual Fund,543173,,
INF204KB10U5,Nippon India Mutual Fund,543174,,
INF204KB15U4,Nippon India Mutual Fund,543175,,
INF204KB16U2,Nippon India Mutual Fund,543176,,
INF204KB11U3,Nippon India Mutual Fund,543177,,
INF204KB12U1,Nippon India Mutual Fund,543178,,
INF204KB16T4,Nippon India Mutual Fund,543179,,
INF204KB17T2,Nippon India Mutual Fund,543180,,
INF204KB13T1,Nippon India Mutual Fund,543181,,
INF204KB18T0,Nippon India Mutual Fund,543182,,
INF204KB19T8,Nippon India Mutual Fund,543183,,
INF204KB14T9,Nippon India Mutual Fund,543184,,
INF204KB15T6,Nippon India Mutual Fund,543185,,
INF204KB13U9,Nippon India Mutual Fund,543186,,
INF732E01268,Nippon India Mutual Fund,543255,,
INF204KC1EZ3,Nippon India Mutual Fund,544415,,
INF204KC1GH6,Nippon India Mutual Fund,544493,,
INF204KB15V2,Nippon India Mutual Fund - Permitted,590141,,
INF204KC1089,Nippon India Mutual Fund - Permitted,590142,,
INF204KB1V68,Nippon India Mutual Fund - Permitted,590144,,
INE298J01013,Nippon Life India Asset Management Limited,540767,NAM-INDIA,
INE368I01016,Niraj Cement Structurals Limited,532986,NIRAJ,
INE326T01011,Niraj Ispat Industries Limited,,NIRAJISPAT,
INE242B01018,Nirav Commercials Ltd.,512425,,
INE910A01012,Nirlon Limited,500307,NIRLON,
INE0CPQ01010,Nirmitee Robotics India Limited,543194,,
INE0M3X01010,NIS MANAGEMENT LIMITED,544495,,
INE0DQN01013,NISUS FINANCE SERVICES CO LIMITED,544296,,
INE858F01012,Nitco Limited,532722,NITCO,
INE861H01020,Nitin Castings Limited,508875,,
INE229H01012,Nitin Spinners Limited,532698,NITINSPIN,
INE439T01012,Nitiraj Engineers Limited,,NITIRAJ,
INE265B01019,Nitta Gelatin India Limited,506532,NITTAGELA,
INE995S01015,Niva Bupa Health Insurance Company Limited,544286,NIVABUPA,
INE139E01028,NIVAKA FASHIONS LIMITED,542206,,
INE552F01011,Nivi Trading Ltd.,512245,,
INE480D01010,Niyogin Fintech Limited,538772,,
INE542C01019,NK Industries Limited,519494,NKIND,N.K.Industries Ltd.
INE589A01014,NLC India Limited,513683,NLCINDIA,
INE584A01023,NMDC Limited,526371,NMDC,
INE0NNS01018,NMDC Steel Limited,543768,NSLNISP,
INE169F01014,NMS GLOBAL LIMITED,522289,,
INE203Q01026,NOBLE POLYMERS LIMITED,539200,,
INE163A01018,NOCIL Limited,500730,NOCIL,
INE781B01015,Noida Toll Bridge Company Limited,532481,NOIDATOLL,
INE369C01017,Norben Tea & Exports Limited,519528,NORBTEAEXP,
INE744C01029,Norris Medicines Ltd.,524414,,
INE553C01016,North Eastern Carrying Corporation Limited,534615,NECCLTD,
INE850M01015,Northern Arc Capital Limited,544260,NORTHARC,
INE01BL01012,Northern Spirits Limited,542628,,
INE736P01019,Northlink Fiscal And Capital Services Ltd.,539110,,
INE317B01042,Nouveau Global Ventures Limited,531465,,
INE02H701025,Nova Agritech Limited,544100,NOVAAGRI,
INE608C01026,Nova Iron & Steel Ltd.,513566,,
INE234A01025,Novartis India Limited,500672,NOVARTIND,
INE08JY01013,Novateor Research Laboratories Limited,542771,,
INE314I01036,NOVELIX PHARMACEUTICALS LIMITED,536565,,
INE1TFS01019,Novus Loyalty Limited,544735,,
INE446D01011,NPR Finance Ltd.,530127,,
INE349A01021,NRB Bearing Limited,530367,NRBBEARING,NRB Bearings Ltd.
INE047O01014,NRB Industrial Bearings Limited,535458,NIBL,
INE0SLP01017,NSB BPO Solutions Limited,544571,,
INE920C01017,NTC INDUSTRIES LIMITED,526723,,
INE0ONG01011,NTPC Green Energy Limited,544289,NTPCGREEN,
INE733E01010,NTPC Limited,532555,NTPC,
INE096B01018,Nucleus Software Exports Limited,531209,NUCLEUS,
INE0VYX01018,NUKLEUS OFFICE SOLUTIONS LIMITED,544370,,
INE0JM501013,Nupur Recyclers Limited,,NRL,
INE0DSF01015,Nureca Limited,543264,NURECA,
INE882B01037,NURTURE WELL INDUSTRIES LIMITED,531889,,
INE960H01012,Nutech Global Ltd.,531304,,
INE531F01023,Nuvama Wealth Management Limited,543988,NUVAMA,
INE118D01016,Nuvoco Vistas Corporation Limited,543334,NUVOCO,
INE812K01027,Nyssa Corporation Limited,504378,,
INE118Q01018,O. P. Chains Limited,539116,,
INE876A01023,Oasis Securities Limited,512489,,
INE093I01010,Oberoi Realty Limited,533273,OBEROIRLTY,
INE860E01011,ObjectOne Information Systems Ltd,535657,,
INE0PK601023,OCCL Limited,544278,OCCLLTD,
INE711V01010,Oceanic Foods Limited,540405,,
INE513C01010,Octal Credit Capital Ltd.,538894,,
INE117S01016,Octavius Plantations Limited,542938,,
INE208U01019,Octaware Technologies Limited,540416,,
INE054301028,Odigma Consultancy Solutions Limited,544301,ODIGMA,
INE839E01023,Odyssey Corporation Ltd.,531996,,
INE213B01019,Odyssey Technologies Ltd.,530175,,
INE213A01029,Oil & Natural Gas Corporation Limited,500312,ONGC,Oil And Natural Gas Corporation Ltd
INE591A01010,Oil Country Tubular Limited,500313,OILCOUNTUB,
INE274J01014,Oil India Limited,533106,OIL,
INE870B01024,OK Play India Ltd.,526415,,
INE0LXG01040,Ola Electric Mobility Limited,544225,OLAELEC,
INE0M3901015,Olatech Solutions Limited,543578,,
INE260D01016,Olectra Greentech Limited,532439,OLECTRA,
INE482O01021,Olympia Industries Ltd.,521105,,
INE550L01013,Olympic Cards Limited,534190,,
INE286E01019,Olympic Oil Industries Ltd.,507609,,
INE1BZC01019,Om Freight Forwarders Limited,544564,OMFREIGHT,
INE239D01028,OM INFRA LIMITED,531092,OMINFRAL,
INE0R8Q01018,OM METALLOGIC LIMITED,544559,,
INE25E901019,Om Power Transmission Limited,544750,OMPOWER,
INE090B01011,Omax Autos Limited,520021,OMAXAUTO,
INE800H01010,Omaxe Limited,532880,OMAXE,
INE112B01013,Omega Ag-Seeds (Punjab) ltd.,519479,,
INE501C01015,Omkar Pharmachem Ltd.,532167,,
INE369B01019,Omni Axs Software Ltd.,532340,,
INE0JFE01012,Omnipotent Industries Limited,543400,,
INE0UH301010,Omnitech Engineering Limited,544720,OMNI,
INE814D01010,Omnitex Industries (India) Ltd.,514324,,
INE982J01020,One 97 Communications Limited,543396,PAYTM,
INE670O01013,ONE GLOBAL SERVICE PROVIDER LIMITED,514330,,
INE0HLU01028,One Mobikwik Systems Limited,544305,MOBIKWIK,
INE840Y01029,One Point One Solutions Limited,544748,ONEPOINT,
INE912L01015,Onelife Capital Advisors Limited,533632,ONELIFECAP,
INE12F801023,OnEMI Technology Solutions Limited,544754,KISSHT,
INE125F01032,ONESOURCE INDUSTRIES AND VENTURES LIMITED,530805,,
INE013P01021,Onesource Specialty Pharma Limited,544292,ONESOURCE,
INE173M01012,ONIX SOLAR ENERGY LIMITED,513119,,
INE809I01019,OnMobile Global Limited,532944,ONMOBILE,
INE989S01042,Ontic Finserve Limited,540386,,
INE229A01017,Onward Technologies Limited,517536,ONWARDTEC,
INE350C01017,Optiemus Infracom Limited,530135,OPTIEMUS,
INE031G01022,Optimus Finance Limited,531254,,
INE881D01027,Oracle Financial Services Software Limited,532466,OFSS,
INE231G01010,Orbit Exports Limited,512626,ORBTEXP,
INE215B01022,Orchasp Limited,532271,ORCHASP,
INE191A01027,Orchid Pharma Limited,524372,ORCHPHARMA,
INE412E01011,Organic Coatings Ltd.,531157,,
INE0MIO01019,ORGANIC RECYCLING SYSTEMS LIMITED,543997,,
INE730A01022,Oricon Enterprises Limited,513121,ORICONENT,
INE607D01018,Orient Bell Limited,530365,ORIENTBELL,
INE247F01018,Orient Beverages Ltd.,507690,,
INE876N01018,Orient Cement Limited,535754,ORIENTCEM,
INE569C01020,ORIENT CERATECH LIMITED,504879,ORIENTCER,
INE142Z01019,Orient Electric Limited,541301,ORIENTELEC,
INE999K01014,Orient Green Power Company Limited,533263,GREENPOWER,
INE592A01026,Orient Paper & Industries Limited,502420,ORIENTPPR,
INE609C01024,Orient Press Limited,526325,ORIENTLTD,
INE0PPK01015,Orient Technologies Limited,544235,ORIENTTECH,
INE681D01039,Orient Tradelink Ltd.,531512,,
INE959C01023,Oriental Aromatics Limited,500078,OAL,
INE750A01020,Oriental Hotels Limited,500314,ORIENTHOT,
INE457G01029,ORIENTAL RAIL INFRASTRUCTURE LIMITED,531859,,
INE998H01012,Oriental Trimex Limited,532817,ORIENTALTL,
INE426Z01016,Orissa Bengal Carrier Limited,541206,OBCL,
INE16NZ01023,Orkla India Limited,544595,ORKLAINDIA,
INE628B01034,Orosil Smiths India Limited,531626,,
INE849L01019,Ortel Communications Limited,539015,ORTEL,
INE749B01020,ORTIN GLOBAL LIMITED,539287,ORTINGLOBE,
INE880P01015,Oseaspre Consultants Ltd.,509782,,
INE06IR01021,Osia Hyper Retail Limited,,OSIAHYPER,
INE186R01013,OSIAJEE TEXFAB LIMITED,540198,,
INE142A01012,Oswal Agro Mills Limited,500317,OSWALAGRO,
INE143A01010,Oswal Greentech Limited,539290,OSWALGREEN,
INE0BYP01024,Oswal Pumps Limited,544418,OSWALPUMPS,
INE910B01028,Otco International Ltd,523151,,
INE0RTI01017,OVAL PROJECTS ENGINEERING LIMITED,544498,,
INE812S01012,Ovobel Foods Ltd.,530741,,
INE114D01015,Oxford Industries ltd.,514414,,
INE102E01018,OXYGENTA PHARMACEUTICAL LIMITED,524636,,
INE953R01016,P N Gadgil Jewellers Limited,544256,PNGJL,
INE212Q01019,P. B. Films Limited,539352,,
INE501F01018,P.B.M. Polytex Ltd.,514087,,
INE078D01012,P.G.Foils Ltd.,526747,,
INE160F01013,P.H. Capital Ltd.,500143,,
INE0S3G01027,Pace Digitek Limited,544550,PACEDIGITK,
INE0N1L01018,PACE E-COMMERCE VENTURES LIMITED,543637,,
INE883C01025,Pacific Industries ltd.,523483,,
INE448D01025,Padam Cotton Yarns Ltd.,531395,,
INE243B01016,Padmalaya Telefilms Ltd.,532350,,
INE630U01014,Padmanabh Alloys & Polymers Ltd.,531779,,
INE743D01011,Padmanabh Industries Limited,526905,,
INE761H01022,Page Industries Limited,532827,PAGEIND,
INE420C01059,Paisalo Digital Limited,532900,PAISALO,
INE14LM01012,Pajson Agro India Limited,544657,,
INE551D01018,PAKKA LIMITED,516030,PAKKA,
INE471W01019,Palash Securities Limited,540648,PALASHSECU,
INE239L01013,Palco Metals Limited,539121,,
INE838Z01012,Palm Jewels Limited,541444,,
INE218G01033,Palred Technologies Limited,532521,PALREDTEC,
INE648E01010,Pan Electronics India Ltd.,517397,,
INE1N9E01015,PAN HR SOLUTION LIMITED,544698,,
INE376A01032,Pan India Corporation Ltd,511525,,
INE516E01019,PANABYTE TECHNOLOGIES LIMITED,538742,,
INE922B01023,Panacea Biotec Limited,531349,PANACEABIO,
INE895W01019,Panache Digilife Limited,,PANACHE,
INE655P01029,PANAFIC INDUSTRIALS LTD,538860,,
INE305C01029,Panama Petrochem Limited,524820,PANAMAPET,
INE013E01017,Panasonic Carbon India Co.Ltd,508941,,
INE795A01017,Panasonic Energy India Co. Ltd.,504093,,
INE798F01010,Panchmahal Steel Ltd.,513511,,
INE316G01019,Panchsheel Organic Ltd.,531726,,
INE744D01019,Panjon Ltd.,526345,,
INE698B01011,Pankaj Polymers Ltd.,531280,,
INE258R01028,PANORAMA STUDIOS INTERNATIONAL LIMITED,539469,,
INE697V01011,Pansari Developers Limited,,PANSARI,
INE945O01019,PANTH INFINITY LIMITED,539143,,
INE181D01014,Panther Industrial Products Ltd.,524055,,
INE167E01037,Panyam Cements & Mineral Inds. Ltd.,500322,,
INE04LG01015,Par Drugs And Chemicals Limited,,PAR,
INE0SMW01011,PARADEEP PARIVAHAN LIMITED,544383,,
INE088F01024,Paradeep Phosphates Limited,543530,PARADEEP,
INE883N01014,Parag Milk Foods Limited,539889,PARAGMILK,
INE015E01012,Paragon Finance Ltd.,531255,,
INE074B01023,Paramount Communications Limited,530555,PARACABLES,
INE143I01013,Paramount Cosmetics (India) Ltd,507970,,
INE045601023,Paras Defence and Space Technologies Limited,543367,PARAS,
INE162C01024,Paras Petrofils Limited,521246,PARASPETRO,
INE119201023,Park Medi World Limited,544645,PARKHOSPS,
INE750B01010,Parker Agro Chem Export Ltd.,524628,,
INE272G01014,PARLE INDUSTRIES LIMITED,532911,,
INE240T01014,Parmax Pharma Limited,540359,,
INE0QQJ01021,PARMESHWAR METAL LIMITED,544330,,
INE808R01012,PARMESHWARI SILK MILLS LIMITED,540467,,
INE383L01019,Parnax Lab Limited,506128,,
INE05MV01019,Parshva Enterprises Limited,542694,,
INE635I01018,Parshwanath Corporation Limited,511176,,
INE561H01026,Parsvnath Developers Limited,532780,PARSVNATH,
INE295Z01015,Parvati Sweetners and Power Ltd.,541347,,
INE604F01010,Pasari Spinning Mills Ltd.,521080,,
INE124Y01028,Pashupati Cotspin Limited,544448,PASHUPATI,
INE818B01023,Pasupati Acrylon Limited,500456,PASUPTAC,
INE909B01020,Pasupati Spg. & Wvg. Mills Ltd.,503092,,
INE619A01035,Patanjali Foods Limited,500368,PATANJALI,
INE473T01011,Patdiam Jewellery Limited,539401,,
INE161701011,PATEL CHEM SPECIALITIES LIMITED,544460,,
INE244B01030,Patel Engineering Limited,531120,PATELENG,
INE529D01014,Patel Integrated Logistics Limited,526381,PATINTLOG,
INE0R8B01010,Patel Retail Limited,544487,PATELRMART,
INE082C01024,Patels Airtemp (I) Ltd.,517417,,
INE637N01014,Patidar Buildcon Limited,524031,,
INE0NPA01011,Patron Exim Limited,543798,,
INE790C01014,Patspin India Ltd.,514326,,
INE291E01019,Paul Merchants Limited,539113,PML,
INE111F01024,Paushak Limited,532742,PAUSHAKLTD,PAUSHAK LIMITED (formerly known as Darshak Limited)
INE07S101038,Pavna Industries Limited,543915,PAVNAIND,
INE417T01026,PB Fintech Limited,543390,POLICYBZR,
INE615W01011,PB Global Limited,506580,,
INE160H01019,PBA INFRASTRUCTURE LTD.,532676,,
INE785M01021,PC Jeweller Limited,534809,PCJEWELLER,
INE602A01031,PCBL Chemical Limited,506590,PCBL,
INE834B01012,PCS Technology Ltd.,517119,,
INE0ABU01016,PDP Shipping & Projects Limited,544378,,
INE111Q01021,PDS Limited,538730,PDSL,
INE940H01022,Pearl Global Industries Limited,532808,PGIL,
INE0GTX01019,Pearl Green Clubs and Resorts Limited,543540,,
INE844A01013,Pearl Polymers Limited,523260,PEARLPOLY,
INE484S01010,PECOS Hotels And Pubs Limited,539273,,
INE417E01010,Pee Cee Cosma Sope Ltd.,524136,,
INE328D01011,Peeti Securities Ltd.,531352,,
INE138A01028,Peninsula Land Limited,503031,PENINLAND,
INE932A01024,Pennar Industries Limited,513228,PENIND,
INE702E01015,Pentokey Organy (India) Ltd.,524210,,
INE814L01013,Perfect-Octave Media Projects Ltd,521062,,
INE759I01024,Perfectpac Limited,526435,,
INE418E01018,Permanent Magnets Ltd.,504132,,
INE262H01021,Persistent Systems Limited,533179,PERSISTENT,
INE443P01038,Pervasive Commodities Limited,517172,,
INE704F01018,Pet Plastics Ltd.,524046,,
INE347G01014,Petronet LNG Limited,532522,PETRONET,
INE182A01018,Pfizer Limited,500680,PFIZER,
INE600F01018,PFL Infotech Ltd.,531769,,
INE457L01029,PG Electroplast Limited,533581,PGEL,
INE486I01016,Phaarmasia Limited.,523620,,
INE117D01018,Pharmaids Pharmaceuticals Ltd.,524572,,
INE245B01011,Phoenix International Ltd.,526481,,
INE813B01016,Photoquip India Ltd.,526588,,
INE0LP301011,Physicswallah Limited,544609,PWL,
INE037C01010,Phyto Chem (India) Ltd.,524808,,
INE603J01030,PI Industries Limited,523642,PIIND,
INE546C01010,Piccadily Agro Industries Limited,530305,PICCADIL,
INE544C01023,Piccadily Sugar  & Allied Ltd.,507498,,
INE448B01029,Picturehouse Media Limited,532355,,
INE318A01026,Pidilite Industries Limited,500331,PIDILITIND,
INE600A01035,PIL ITALICA LIFESTYLE LIMITED,500327,PILITA,
INE417C01014,Pilani Investment and Industries Corporation Limited,539883,PILANIINVS,
INE15B701018,Pine Labs Limited,544606,PINELABS,
INE156C01018,Pioneer Embroideries Limited,514300,PIONEEREMB,
INE746D01014,Pioneer Investcorp Limited,507864,PIONRINV,
INE0R4W01015,PIOTEX INDUSTRIES LIMITED,544178,,
INE202B01038,Piramal Finance Limited,544597,PIRAMALFIN,
INE0DK501011,Piramal Pharma Limited,543635,PPLPHARMA,
INE450D01021,Pitti Engineering Limited,513519,PITTIENG,
INE751B01018,Pix Transmissions Limited,500333,PIXTRANS,
INE083C01022,Plastiblends India Limited,523648,PLASTIBLEN,
INE0PT501018,Platinum Industries Limited,544134,PLATIND,
INE0DTJ01015,PlatinumOne Business Services Limited,543352,,
INE0INJ01017,Plaza Wires Limited,544003,PLAZACABLE,
INE793G01035,PMC Fincorp Limited,534060,,
INE859A01011,PNB Gilts Limited,532366,PNBGILTS,
INE572E01012,PNB Housing Finance Limited,540173,PNBHOUSING,
INE195J01029,PNC Infratech Limited,539150,PNCINFRA,
INE0NT601018,PNGS GARGI FASHION JEWELLERY LIMITED,543709,,
INE1RDG01013,PNGS Reva Diamond Jewellery Limited,544718,PNGSREVA,
INE035S01028,POCL ENTERPRISES LTD,539195,,
INE371C01013,Poddar Pigments Limited,524570,PODDARMENT,
INE637C01025,Pokarna Limited,532486,POKARNA,
INE689M01025,Polo Queen Industrial and Fintech Limited,540717,,
INE339F01021,Polson Ltd.,507645,,
INE205C01021,Poly Medicure Limited,531768,POLYMED,
INE455K01017,Polycab India Limited,542652,POLYCAB,
INE752B01024,Polychem Ltd,506605,,
INE262C01014,Polycon International Ltd.,531397,,
INE323D01020,Polylink Polymers (india) Ltd.,531454,,
INE826P01018,Polymac Thermoformers Limited,537573,,
INE809B01014,Polymechplast Machines Ltd.,526043,,
INE633B01018,Polyplex Corporation Limited,524051,POLYPLEX,
INE914G01029,POLYSPIN EXPORTS LIMITED,539354,,
INE063E01053,Pondy Oxides & Chemicals Limited,532626,POCL,
INE838E01017,Ponni Sugars (Erode) Limited,532460,PONNIERODE,
INE973X01012,Poojawestern Metaliks Limited,540727,,
INE809E01018,Poona Dal And Oil Industries Ltd.,519359,,
INE511C01022,Poonawalla Fincorp Limited,524000,POONAWALLA,
INE167F01018,POPEES BABY CARE INDIA LIMITED,531971,,
INE370C01015,Popular Estate Management Ltd,531870,,
INE0PZB01013,POPULAR FOUNDATIONS LIMITED,544259,,
INE772T01024,Popular Vehicles and Services Limited,544144,PVSL,
INE386I01018,PORWAL AUTO COMPONENTS LIMITED,532933,,
INE557Z01018,Power & Instrumentation (Gujarat) Limited,543912,PIGL,
INE134E01011,Power Finance Corporation Limited,532810,PFC,
INE752E01010,Power Grid Corporation of India Limited,532898,POWERGRID,
INE211R01019,Power Mech Projects Limited,539302,POWERMECH,
INE921L01032,Powerica Limited,544744,POWERICA,
INE095I01015,PPAP Automotive Limited,532934,PPAP,
INE0I0M01023,Prabha Energy Limited,544379,PRABHA,
INE428P01013,PRABHHANS INDUSTRIES LIMITED,530361,,
INE821R01015,Prabhu Steel Industries Ltd.,506042,,
INE770A01010,Pradeep Metals Limited,513532,PRADPME,
INE962B01011,Prag Bosimi Synthetics Ltd.,500192,,
INE074A01025,Praj Industries Limited,522205,PRAJIND,
INE505C01016,Prajay Engineers Syndicate Limited,531746,PRAENG,
INE603A01013,Prakash Industries Limited,506022,PRAKASH,
INE050001010,Prakash Pipes Limited,542684,PPL,
INE696K01024,Prakash Steelage Limited,533239,PRAKASHSTL,
INE523I01016,Prakash Woollen & Synthetic Mills Ltd,531437,,
INE0TI501017,PRARUH TECHNOLOGIES LIMITED,544538,,
INE100E01012,Prashant India Ltd,519014,,
INE393P01035,Prataap Snacks Limited,540724,DIAMONDYD,
INE206C01029,Pratik Panels Ltd.,526490,,
INE530D01012,Pratiksha Chemicals Ltd.,531257,,
INE722B01019,Praveg Limited,531637,PRAVEG,
INE546Y01022,Praxis Home Retail Limited,540901,PRAXIS,
INE484I01029,Precision Camshafts Limited,539636,PRECAM,
INE143C01024,Precision Electronics Ltd.,517258,,
INE372C01037,Precision Wires India Limited,523539,PRECWIRE,
INE283A01014,Precot Limited,,PRECOT,
INE001E01012,Premco Global Limited,530331,PREMCO,
INE946K01023,Premier Capital Services Ltd.,511016,,
INE0BS701011,Premier Energies Limited,544238,PREMIERENE,
INE429K01012,Premier Energy and Infrastructure  Limited,533100,,
INE863B01029,Premier Explosives Limited,526247,PREMEXPLN,
INE342A01018,Premier Limited,500540,PREMIER,
INE309M01020,Premier Polyfilm Limited,514354,PREMIERPOL,
INE940N01012,Premier Synthetics Ltd.,509835,,
INE426H01014,Prerna Infrabuild Limited,531802,,
INE811K01011,Prestige Estates Projects Limited,533274,PRESTIGE,
INE0GAO01018,Prevest Denpro Limited,543363,,
INE726V01018,Pricol Limited,540293,PRICOLLTD,
INE297D01018,Prima Agro Ltd.,519262,,
INE723N01012,Prima Industries Ltd.,531246,,
INE573B01016,Prima Plastics Ltd.,530589,,
INE748D01010,Prime Capital Market Limited,535514,,
INE367G01038,Prime Focus Limited,532748,PFOCUS,
INE442V01012,PRIME FRESH LIMITED,540404,,
INE543F01028,Prime Industries Ltd.,519299,,
INE233C01023,Prime Property Development Corporation Ltd.,530695,,
INE032B01021,Prime Securities Limited,500337,PRIMESECU,
INE419E01024,Prime Urban Development India Ltd,521149,,
INE607A01022,Primo Chemicals Limited,506852,PRIMO,
INE689W01016,Prince Pipes And Fittings Limited,542907,PRINCEPIPE,
INE429Q01019,Prism Finance Ltd.,531735,,
INE010A01011,Prism Johnson Limited,500338,PRSMJOHNSN,
INE730E01016,Prism Medico and Pharmacy Ltd.,512217,,
INE286N01028,PRISMX GLOBAL VENTURES LIMITED,501314,,
INE621B01021,Prithvi Exchange (India) Limited,531688,,
INE974Z01015,Priti International Limited,,PRITI,
INE583R01029,Pritika Auto Industries Limited,539359,PRITIKAUTO,
INE392B01011,Pritish Nandy Communications Limited,532387,PNC,
INE959A01019,Privi Speciality Chemicals Limited,530117,PRIVISCL,
INE686C01014,Priya Limited.,524580,,
INE438C01010,PRO CLB GLOBAL LIMITED,540703,,
INE732K01027,Pro Fin Capital Services Ltd,511557,,
INE199A01012,Procter & Gamble Health Limited,500126,PGHL,
INE179A01014,Procter & Gamble Hygiene and Health Care Limited,500459,PGHH,Procter & Gamble Hygiene & Health Care Ltd.
INE10XK01019,PRODOCS SOLUTIONS LIMITED,544643,,
INE818D01011,Promact Plastics Limited,526494,,
INE0I2F01015,Promax Power Limited,543375,,
INE0OKG01017,PROSPECT CONSUMER PRODUCTS LIMITED,543814,,
INE0BX301013,Prostarm Info Systems Limited,544410,PROSTARM,
INE004A01022,Protean eGov Technologies Limited,544021,PROTEAN,
INE195N01013,Prozone Realty Limited,534675,PROZONER,
INE00F201020,Prudent Corporate Advisory Services Limited,543527,PRUDENT,
INE024D01016,Prudential Sugar Corporation Limited,500342,PRUDMOULI,
INE953M01033,PS IT Infrastructure & Services Limited,505502,,
INE488V01015,PSP Projects Limited,540544,PSPPROJECT,
INE560K01014,PTC India Financial Services Limited,533344,PFS,
INE877F01012,PTC India Limited,532524,PTC,
INE596F01018,PTC Industries Limited,539006,PTCIL,
INE034D01049,PTL Enterprises Limited,509220,PTL,
INE865T01018,Pudumjee Paper Products Limited,539785,PDMJEPAPER,
INE183U01022,Pulsar International Limited,512591,,
INE07NX01019,Punctual Trading Ltd.,512461,,
INE510U01018,Pune E - Stock Broking Limited,544141,,
INE608A01012,Punjab & Sind Bank,533295,PSB,
INE277B01014,Punjab Chemicals & Crop Protection Limited,506618,PUNJABCHEM,Punjab Chemicals and Crop Protection Ltd.
INE609A01010,Punjab Communications Limited,500346,,
INE160A01022,Punjab National Bank,532461,PNB,
INE323I01011,Puravankara Limited,532891,PURVA,
INE795D01011,PURETROP FRUITS LIMITED,530077,,
INE898O01010,Purity Flex Pack Ltd,523315,,
INE147J01012,Purohit Construction Limited,538993,,
INE905R01016,PURPLE AGROTECH INDUSTRIES LIMITED,540159,,
INE0CYK01015,Purple Finance Limited,544191,,
INE0VDK01019,PURPLE WAVE INFOCOM LIMITED,544627,,
INE729C01020,Purshottam Investofin Limited,538647,,
INE362A01016,PVP Ventures Limited,517556,PVP,
INE191H01014,PVR INOX Limited,532689,PVRINOX,
INE428B01021,PVV Infra Limited,536659,,
INE0MIS01010,Pyramid Technoplast Limited,543969,PYRAMID,
INE883L01018,Pyxis Finvest Limited,534109,,
INE837C01013,QGO FINANCE LIMITED,538646,,
INE0FMW01018,QMS Medical Allied Services Limited,,QMSMEDI,
INE0LRY01011,Quadrant Future Tek Limited,544336,QUADFUTURE,
INE527B01020,Quadrant Televentures Limited,511116,,
INE0Q1R01012,Qualitek Labs Limited,544091,,
INE0SII01026,Quality Power Electrical Equipments Limited,544367,QPOWER,
INE0KAF01018,Quality RO Industries Limited,543460,,
INF082J01499,Quantum Asset Management Co. Pvt. Ltd.,590110,,
INE373C01019,Quantum Digital Vision (India) Ltd.,530281,,
INE615P01015,Quess Corp Limited,539978,QUESS,
INE418C01012,QUEST CAPITAL MARKETS LIMITED,500069,,
INE0OYE01013,QUEST FLOW CONTROLS LIMITED,543982,,
INE306L01010,Quick Heal Technologies Limited,539678,QUICKHEAL,
INE641R01017,Quint Digital Limited,539515,QUINT,
INE0NQ801033,R K Swamy Limited,544136,RKSWAMY,
INE219Y01026,R M Drip and Sprinklers Systems Limited,544456,RMDRIP,
INE777K01022,R R Kabel Limited,543981,RRKABEL,
INE411H01032,R Systems International Limited,532735,RSYSTEMS,
INE165B01029,R. S. Software (India) Limited,517447,RSSOFTWARE,
INE712Z01019,R.J. Shah & Co. Ltd.,509845,,
INE324L01013,R.P.P. Infra Projects Limited,533284,RPPINFRA,RPP INFRA PROJECTS LIMITED
INE229D01011,R.R.Financial Consultants Ltd.,511626,,
INE474H01014,R.R.Securities Ltd.,530917,,
INE012Q01039,R&B Denims Limited,538119,RNBDENIMS,
INE548H01015,Raaj Medisafe India Limited,524502,,
INE084Q01012,Race Eco Chain Limited,537785,RACE,
INE0ZN101029,Rachit Prints Limited,544503,,
INE704B01017,RACL Geartech Limited,520073,RACLGEAR,
INE00WY01013,RACONTEUR GLOBAL RESOURCES LIMITED,541703,,
INE874F01027,Radaan Mediaworks India Limited,590070,RADAAN,RADAAN MEDIAWORKS (I) LIMITED
INE792P01020,Radhagobind Commercial Limited,539673,,
INE986B01044,Radhe Developers (India) ltd.,531273,,
INE583V01021,Radhika Jeweltech Limited,540125,RADHIKAJWE,
INE855R01021,Radiant Cash Management Services Limited,543732,RADIANTCMS,
INE944F01028,Radico Khaitan Limited,532497,RADICO,
INE576N01014,Radix Industries (India) Limited,531412,,
INE912T01018,Raghav Productivity Enhancers Limited,539837,RPEL,
INE753B01014,Raghunath International Ltd.,526813,,
INE754B01012,Raghunath Tobacco Co. Ltd.,531552,,
INE865P01016,Raghuvansh Agrofarms Limited,538921,,
INE969C01022,Raghuvir Synthetics Ltd.,514316,,
INE923R01019,Raideep Industries Limited,540270,,
INE415G01027,Rail Vikas Nigam Limited,542649,RVNL,
INE0DD101019,Railtel Corporation Of India Limited,543265,RAILTEL,
INE855B01025,Rain Industries Limited,500339,RAIN,
INE961O01016,Rainbow Childrens Medicare Limited,543524,RAINBOW,Rainbow Children's Medicare Limited
INE230F01014,Rainbow Foundations Ltd,531694,,
INE294G01026,Raj Oil Mills Limited,533093,ROML,
INE639C01013,Raj Packaging Industries Ltd.,530111,,
INE533D01032,Raj Rayon Industries Limited,530699,RAJRILTD,
INE952H01027,Raj Television Network Limited,532826,RAJTV,
INE491N01016,Raja Bahadur International Ltd,503127,,
INE296E01026,Rajapalayam Mills Limited,532503,RAJPALAYAM,
INE929D01016,Rajasthan Cylinders & Containers Limited,538707,,
INE374C01017,Rajasthan Petro Synthetics Ltd.,506975,,
INE184D01026,RAJASTHAN SECURITIES LIMITED,526873,,
INE497E01020,Rajasthan Tube Mfg. Co,530253,,
INE610C01014,Rajdarshan Industries Limited,526662,ARENTERP,
INE343B01030,Rajesh Exports Limited,531500,RAJESHEXPO,
INE0VN801010,RAJESH POWER SERVICES LIMITED,544291,,
INE0CQ101015,Rajeshwari Cans Limited,543285,,
INE016C01014,Rajeswari Infrastructure Limited,526823,,
INE376L01013,Rajkamal Synthetics Ltd.,514028,,
INE176R01014,Rajkot Investment Trust Limited,539495,,
INE1GM501015,Rajnandini Fashion India Limited,544771,,
INE00KV01022,Rajnandini Metal Limited,,RAJMET,
INE786J01033,RAJNISH RETAIL LIMITED,530525,,
INE685Z01033,Rajnish Wellness Limited,541601,,
INE535F01024,Rajoo Engineers Limited,522257,RAJOOENG,
INE751R01014,Rajputana Investment and Finance Ltd.,539090,,
INE313L01016,Rajputana Stainless Limited,544731,RSL,
INE451D01029,Rajratan Global Wire Limited,517522,RAJRATAN,
INE760W01023,Rajshree Polypack Limited,,RPPL,
INE562B01019,Rajshree Sugars & Chemicals Limited,500354,RAJSREESUG,
INE381N01019,RAJVI LOGITRADE LIMITED,511185,,
INE613A01020,Rallis India Limited,500355,RALLIS,
INE207E01023,Ram Ratna Wires Limited,522281,RAMRAT,
INE425E01013,Rama Paper Mills Limited,500357,,
INE809A01032,Rama Phosphates Limited,524037,RAMAPHO,
INE230R01035,Rama Steel Tubes Limited,539309,RAMASTEEL,
INE763B01013,Rama Vision Ltd,523289,,
INE516P01015,Ramchandra Leasing & Finance Limited,538540,,
INE614A01028,Ramco Industries Limited,532369,RAMCOIND,
INE246B01019,Ramco Systems Limited,532370,RAMCOSYS,
INE410D01017,Ramgopal Polytex Ltd,514223,,
INE357B01022,RAMINFO LIMITED,530951,,
INE399G01023,Ramkrishna Forgings Limited,532527,RKFORGE,
INE874I01013,Ramky Infrastructure Limited,533262,RAMKY,
INE609D01014,Ramsons Projects Ltd.,530925,,
INE625B01014,Rana Sugars Limited,507490,RANASUG,
INE821D01031,Rander Corporation Ltd.,531228,,
INE050H01012,Rane (Madras) Limited,532661,RML,
INE384A01010,Rane Holdings Limited,505800,RANEHOLDIN,
INE01A501027,Ranjeet Mechatronics Limited,541945,,
INE863D01017,Ranjit Securities Ltd.,531572,,
INE483D01014,RAP CORP LIMITED,531583,,
INE350D01015,Rapicut Carbides Ltd.,500360,,
INE154M01012,Rapid Investments Ltd.,501351,,
INE0QA901010,RAPID MULTIMODAL LOGISTICS LIMITED,544237,,
INE651D01016,Ras Resorts & Apart Hotels Ltd.,507966,,
INE682D01011,Rasandik Engg. Industries India Ltd,522207,,
INE0J1F01024,Rashi Peripherals Limited,544119,RPTECH,
INE027A01015,Rashtriya Chemicals and Fertilizers Limited,524230,RCF,Rashtriya Chemicals & Fertilizers Limited
INE822D01021,Rasi Electrodes Ltd.,531233,,
INE0CLI01024,Rategain Travel Technologies Limited,543417,RATEGAIN,
INE575I01016,RATHI BARS LIMITED,532918,,
INE336C01016,Rathi Steel & Power Ltd,504903,,
INE821Y01011,Ratnabhumi Developers Limited,540796,,
INE703B01027,Ratnamani Metals & Tubes Limited,520111,RATNAMANI,
INE05CZ01011,Ratnaveer Precision Engineering Limited,543978,RATNAVEER,
INE834M01019,RattanIndia Enterprises Limited,534597,RTNINDIA,
INE399K01017,RattanIndia Power Limited,533122,RTNPOWER,
INE523K01012,RAUNAQ INTERNATIONAL LIMITED,537840,,
INE0W4D01018,Ravelcare Limited,544629,,
INE722J01012,Ravi Kumar Distilleries Limited,533294,RKDL,
INE427E01027,Ravileela Granites Limited,526095,,
INE09E501017,Ravinder Heights Limited,543251,RVHL,
INE206N01018,Ravindra Energy Limited,504341,RELTD,
INE206N20018,Ravindra Energy Ltd-RE,751122,RELTD-RE,RAVINDRA ENERGY LIMITED
INE960Z01014,Raw Edge Industrial Solutions Limited,541634,,
INE02ID01020,Raymond Lifestyle Limited,544240,RAYMONDLSL,
INE301A01014,Raymond Limited,500330,RAYMOND,
INE1SY401010,Raymond Realty Limited,544420,RAYMONDREL,
INE976G01028,RBL Bank Limited,540065,RBLBANK,
INE0PEQ01016,RBZ Jewellers Limited,544060,RBZJEWEL,
INE245L01028,RDB INFRASTRUCTURE AND POWER LIMITED,533285,,
INE123M01017,RDB Rasayans Limited,533608,,
INE0AK901016,RDB Real Estate Constructions Limited,544346,,
INE055E01034,REAL ECO-ENERGY LIMITED,530053,,
INE836D01013,REAL GROWTH CORPORATION LIMITED,539691,,
INE840I01014,Real Touch Finance Limited,538611,,
INE020B01018,REC Limited,532955,RECLTD,
INE2B6701015,RECODE STUDIOS LIMITED,544755,,
INE891D01026,Redington Limited,532805,REDINGTON,
INE0LXT01019,Redtape Limited,543957,REDTAPE,
INE0MKO01015,REETECH INTERNATIONAL LIMITED,543617,,
INE056I01025,Refex Industries Limited,532884,REFEX,
INE0MHO01029,Regaal Resources Limited,544485,REGAAL,
INE101E01010,Regal Entertainment & Consultants Ltd.,531033,,
INE043B01028,REGANTO ENTERPRISES LIMITED,517393,,
INE277C01012,Regency Ceramics Limited,515018,REGENCERAM,
INE964R01013,REGENCY FINCORP LIMITED,540175,,
INE769D01016,Regent Enterprises Limited,512624,,
INE745R01024,REGIS INDUSTRIES LIMITED,543208,,
INE092O01028,Rekvina Laboratories Ltd,526075,,
INE131B01039,Relaxo Footwears Limited,530517,RELAXO,
INE375Y01018,Reliable Data Services Limited,544207,RELIABLE,
INE419H01019,Reliable Ventures India Ltd,532124,,
INE750D01016,Reliance Chemotex Industries Limited,503162,RELCHEMQ,
INE330H01018,Reliance Communications Limited,532712,RCOM,
INE217K01011,Reliance Home Finance Limited,540709,RHFL,
INE046A01015,Reliance Industrial Infrastructure Limited,523445,RIIL,
INE002A01018,Reliance Industries Limited,500325,RELIANCE,
INF204KB14I2,Reliance Mutual Fund-Permitted,590103,,
INF732E01045,Reliance Mutual Fund-Permitted,590104,,
INF204KB15I9,Reliance Mutual Fund-Permitted,590106,,
INF204KB16I7,Reliance Mutual Fund-Permitted,590108,,
INF732E01128,Reliance Mutual Fund-Permitted,590109,,
INE614G01033,Reliance Power Limited,532939,RPOWER,
INE452B01013,Relic Technologies Ltd.,511712,,
INE773T01014,Relicab Cable Manufacturing Limited,539760,,
INE621H01010,Religare Enterprises Limited,532915,RELIGARE,
INE158G01015,Remi Edelstahl Tubulars Limited,513043,,
INE474C01023,Remsons Industries Limited,530919,REMSONSIND,
INE722H01024,Renaissance Global Limited,532923,RGL,
INE612J01015,Repco Home Finance Limited,535322,REPCOHOME,
INE15WN01014,REPONO LIMITED,544463,,
INE461B01014,Repro India Limited,532687,REPRO,
INE0NYN01016,RESGEN LIMITED,543805,,
INE486D01017,Resonance Specialties Limited,524218,,
INE0SK201011,Resourceful Automobile Limited,544236,,
INE401B01010,Response Informatics Limited,538273,,
INE688D01026,Responsive Industries Limited,505509,RESPONIND,
INE07T201019,Restaurant Brands Asia Limited,543248,RBA,
INE298E01022,Restile Ceramics Ltd.,515085,,
INE0KWJ01014,Retaggio Industries Limited,544391,,
INE0NTC01019,Retina Paints Limited,543902,,
INE601N01010,Retro Green Revolution Limited,519191,,
INE0DAB01012,Revathi Equipment India Limited,544246,RVTH,
INE270D01015,REVATI MEDIA LIMITED,524504,,
INE0MFT01014,Rex Sealing and Packing Industries Limited,543744,,
INE687C01012,Rexnord Electronics & Controls Ltd.,531888,,
INE684D01025,RGF Capital Markets Limited,539669,,
INE0KKN01029,Rhetan TMT Limited,543590,RHETAN,
INE743M01012,RHI MAGNESITA INDIA LIMITED,534076,RHIM,
INE811H01017,Riba Textiles Ltd.,531952,,
INE652D01014,Rich Universe Network Ltd,530271,,
INE201C01012,Richfield Financial Services Ltd.,539435,,
INE209B01025,Rico Auto Industries Limited,520008,RICOAUTO,
INE325X01015,Riddhi Corporate Services Limited,540590,,
INE1DKT01011,Riddhi Display Equipments Limited,544640,,
INE249D01019,Riddhi Siddhi Gluco Biols Ltd,524480,,
INE367U01013,Riddhi Steel and Tube Limited,540082,,
INE07LK01010,Ridhi Synthetics Ltd.,504365,,
INE0CFH01028,Rikhav Securities Limited,544340,,
INE302D01024,RIR POWER ELECTRONICS LIMITED,517035,,
INE001O01029,Risa International Limited,530251,,
INE864D01015,Rishabh Digha Steel And Allied Prod,531539,,
INE0N2P01017,Rishabh Instruments Limited,543977,RISHABH,
INE351D01013,Rishabh Special Yarns Ltd,514177,,
INE988D01012,Rishi Laser  Ltd.,526861,,
INE989D01010,Rishi Techtex Limited,523021,,
INE582D01013,Rishiroop Limited,526492,,
INE018S01016,RITA FINANCE AND LEASING LIMITED,543256,,
INE01EG01016,Ritco Logistics Limited,542383,RITCO,
INE320J01015,RITES Limited,541556,RITES,
INE534D01014,Ritesh International Ltd,519097,,
INE819Y01015,Rithwik Facility Management Services Limited,540843,,
INE552N01023,RKD AGRI & RETAIL LIMITED,511169,,
INE786W01010,RKEC Projects Limited,,RKEC,
INE629C01014,RLF Ltd.,512618,,
INE655V01019,RMC Switchgears Limited,540358,RMC,
INE335Q01026,RNIT AI SOLUTIONS LIMITED,517286,,
INE0BDU01028,RO Jewels Limited,543171,,
INE508K01013,Robust Hotels Limited,543901,RHL,
INE513E01024,Rodium Realty Limited,531822,,
INE775R01013,Rolcon Engineering Co. Ltd.,505807,,
INE645S01024,Rolex Rings Limited,543325,ROLEXRINGS,
INE927A01040,Rollatainers Limited,502448,ROLLT,Rollatainters Ltd.
INE02AP01013,Roni Households Limited,542145,,
INE443C01010,Roopa Industries Ltd.,530991,,
INE03WT01017,Roopshri Resorts Limited,542599,,
INE649C01012,Rose Merc.Limited,512115,,
INE475C01012,Roselabs Finance Ltd.,531324,,
INE02A801020,Rossari Biotech Limited,543213,ROSSARI,
INE847C01020,Rossell India Limited,533168,ROSSELLIND,
INE0OJW01016,Rossell Techsys Limited,544294,ROSSTECH,
INE535D01037,Roto Pumps Limited,517500,ROTO,
INE364S01014,Rotographics (India) Limited,539922,,
INE450U01017,ROUTE MOBILE LIMITED,543228,ROUTE,
INE618A01011,Royal Cushion Vinyl Products Ltd.,526193,,
INE510H01015,Royal India Corporation Limited,512047,,
INE283H01019,Royal Orchid Hotels Limited,532699,ROHLTD,
INE0QQG01019,Royal Sense Limited,544143,,
INE008C01011,Royale Manor Hotels & Industries Lt,526640,,
INE105J01010,RPG Life Sciences Limited,532983,RPGLIFE,
INE425Y01011,RPSG VENTURES LIMITED,542333,RPSGVENT,
INE117K01013,RR METALMAKERS INDIA LIMITED,531667,,
INE951M01037,RRIL Limited,531307,RRIL,
INE015F01019,RSC International Limited,530179,,
INE616F01022,RSD Finance Limited,539875,RSDFIN,
INE611A01016,RSWM Limited,500350,RSWM,
INE005C01017,RTS Power Corporation Ltd.,531215,,
INE642C01025,Rubfila International Limited,500367,RUBFILA,
INE506V01022,Rubicon Research Limited,544578,RUBICON,
INE413B01023,Ruchi Infrastructure Limited,509020,RUCHINFRA,
INE803H01014,Ruchira Papers Limited,532785,RUCHIRA,
INE723D01021,RUDRA ECOVATION LIMITED,514010,,
INE0OYK01010,Rudra Gas Enterprise Limited,544121,,
INE027T01023,Rudra Global Infra Products Limited,539226,RUDRA,
INE364Z01019,Rudrabhishek Enterprises Limited,,REPL,
INE0S5T01017,RUKMANI DEVI GARG AGRO IMPEX LIMITED,544552,,
INE347C01013,Rungta Irrigation Ltd.,530449,,
INE895B01021,Rupa & Company Limited,533552,RUPA,
INE239B01014,RUPAREL FOOD PRODUCTS LIMITED,511740,,
INE573K01025,Rushil Decor Limited,533470,RUSHIL,
INE110Q01023,S & T Corporation Limited,514197,,
INE807K01035,S Chand And Company Limited,540497,SCHAND,
INE500L01026,S H Kelkar and Company Limited,539450,SHK,
INE159L01013,S V Global Mill Limited,535621,,
INE00Q901014,S. M. Gold Limited,542034,,
INE212I01016,S. P. Apparels Limited,540048,SPAL,
INE658G01014,S.A.L. Steel Limited,532604,SALSTEEL,
INE417F01017,S.I.Capital And Financial Services,530907,,
INE284S01014,S.J.S. Enterprises Limited,543387,SJS,
INE102F01015,S.P.Capital Financing Ltd.,530289,,
INE404N01019,S.V. Trading & Agencies Ltd.,503622,,
INE0JZS01010,S.V.J.ENTERPRISES LIMITED,543799,,
INE902B01017,S&S Power Switchgears Limited,517273,S&SPOWER,S & S Power Switchgears Ltd.
INE13B501022,Saatvik Green Energy Limited,544526,SAATVIKGL,
INE860T01019,Sab Events & Governance Now Media Limited,540081,SABEVENTS,
INE137M01017,SAB INDUSTRIES LIMITED,539112,,
INE440C01016,Saboo Sodium Chloro Ltd.,530461,,
INE400R01018,Sabrimala Industries India Limited,540132,,
INE433G01020,Sacheta Metals Ltd.,531869,,
INE226H01026,Sadbhav Engineering Limited,532710,SADBHAV,
INE764L01010,Sadbhav Infrastructure Project Limited,539346,SADBHIN,
INE888C01040,Sadhana Nitrochem Limited,506642,SADHNANIQ,
INE0JNA01014,Safa Systems & Technologies Limited,543461,,
INE429E01023,Safari Industries (India) Limited,523025,SAFARI,
INE0SVZ01015,Safecure Services Limited,544596,,
INE0UMH01018,SAFETY CONTROLS & DEVICES LIMITED,544746,,
INE474D01013,Saffron Industries Limited,531436,,
INE229C01021,Sagar Cements Limited,502090,SAGCEM,
INE771Z01015,Sagar Systech Ltd.,511254,,
INE976T01013,Sagardeep Alloys Limited,,SAGARDEEP,
INE184B01012,Sagarsoft (India) Limited,540143,,
INE0W2G01015,SAGILITY LIMITED,544282,SAGILITY,
INE135C01012,Sahara HousingFina Corporation Ltd.,511533,,
INE0PSJ01011,Sahara Maritime Limited,544056,,
INE280H01015,Sahyadri Industries Limited,532841,SAHYADRI,
INE531X01018,Sai Capital Ltd.,531931,,
INE570L01029,Sai Life Sciences Limited,544306,SAILIFE,
INE0H9F01037,Sai Parenterals Limited,544742,SAIPARENT,Sai Parenteral's Limited
INE438K01021,Sai Silks (Kalamandir) Limited,543989,KALAMANDIR,
INE092G01024,Saianand Commercial Limited,512097,,
INE0KHQ01010,SAILANI TOURS N TRAVELS LIMITED,543541,,
INE584B01013,Sainik Finance and Industries Ltd,530265,,
INE068B01017,Saint-Gobain Sekurit India Ltd.,515043,,
INE732S01012,Sakar Healthcare Limited,,SAKAR,
INE667G01023,Saksoft Limited,590051,SAKSOFT,
INE302E01014,Sakthi Finance Ltd.,511066,,
INE623A01011,Sakthi Sugars Limited,507315,SAKHTISUG,
INE190H01024,Sakuma Exports Limited,532713,SAKUMA,
INE724G01014,SAL AUTOMOTIVE LIMITED,539353,,
INE170V01027,Salasar Techno Engineering Limited,540642,SALASAR,
INE894E01028,Salem Erode Investments Ltd.,540181,,
INE159C01012,Salguti Industries Ltd.,526554,,
INE498E01010,Salona Cotspin Limited,590056,SALONA,
INE924A01013,Salora International Limited,500370,,
INE457F01013,Salzer Electronics Limited,517059,SALZERELEC,
INE653D01012,Sam Industries Ltd.,532005,,
INE304D01012,Sambandam Spinning Mills Ltd.,521240,,
INE699B01027,Sambhaav Media Limited,511630,SAMBHAAV,
INE12NJ01018,Sambhv Steel Tubes Limited,544430,SAMBHV,
INE08U801020,Samhi Hotels Limited,543984,SAMHI,
INE706B01012,Samkrg Pistons and Rings Ltd.,520075,,
INE148I01020,Sammaan Capital Limited,535789,SAMMAANCAP,
INE0GD201014,Samor Reality Limited,543376,,
INE735M01018,Sampann Utpadan India Limited,534598,SAMPANN,
INE10XS01012,SAMPAT ALUMINIUM LIMITED,544520,,
INE375C01022,Sampre Nutritions Ltd.,530617,,
INE412J01010,Samrat Forgings Limited,543229,,
INE103E01016,Samrat Pharmachem Ltd.,530125,,
INE579N01018,SAMSRITA LABS LIMITED,539267,,
INE538C01017,Samtel (India) Ltd.,500371,,
INE931D01020,Samtex Fashions Ltd.,521206,,
INE775A01035,Samvardhana Motherson International Limited,517334,MOTHERSON,
INE607G01011,Samyak International Limited,530025,,
INE0JPD01013,Sanathan Textiles Limited,544314,SANATHAN,
INE367E01033,Sanathnagar Enterprises Limited,509423,,
INE602D01027,Sanblue Corporation Limited,521222,,
INE654D01010,Sanchay Finvest Ltd,511563,,
INE391G01012,Sanco Trans Ltd.,523116,,
INE0P7001013,Sancode Technologies Limited,543897,,
INE278H01035,Sandhar Technologies Limited,541163,SANDHAR,
INE751D01014,Sandu Pharmaceuticals Ltd.,524703,,
INE149K01016,Sandur Manganese & Iron Ores Limited,504918,SANDUMA,
INE384D01022,Sangal Papers Ltd.,516096,,
INE495C01010,Sangam (India) Limited,514234,SANGAMIND,
INE475D01010,Sangam Finserv Limited,538714,,
INE204Y01010,Sanghvi Brands Limited,540782,,
INE989A01032,Sanghvi Movers Limited,530073,SANGHVIMOV,
INE753W01010,Sanginita Chemicals Limited,,SANGINITA,
INE860D01013,Sanjivani Paranteral Ltd.,531569,,
INE799C01049,Sanmit Infra Limited,532435,,
INE0UOS01011,Sanofi Consumer Healthcare India Limited,544250,SANOFICONR,
INE058A01010,Sanofi India Limited,500674,SANOFI,
INE589J01015,Sanrhea Technical Textiles Ltd.,514280,,
INE953O01021,Sansera Engineering Limited,543358,SANSERA,
INE08NE01025,Sanstar Limited,544217,SANSTAR,
INE612D01018,Santosh Fine-Fab Ltd.,530035,,
INE890C01046,Sanwaria Consumer Limited,519260,SANWARIA,
INE806T01020,Sapphire Foods India Limited,543397,SAPPHIRE,
INE467X01023,Saptak Chem And Business Limited,506906,,
INE233P01017,Saptarishi Agro Industries Ltd,519238,,
INE002E01010,Sar  Auto Products Limited,538992,,
INE967G01019,Saraswati Commercial India Limited,512020,ZSARACOM,
INE0PQ101010,Saraswati Saree Depot Limited,544230,SSDL,
INE385C01021,Sarda Energy & Minerals Limited,504614,SARDAEN,
INE979A01025,Saregama India Limited,532163,SAREGAMA,
INE453D01025,Sarla Performance Fibers Limited,526885,SARLAPOLY,
INE075H01019,Sarthak Global Ltd.,530993,,
INE074H01012,Sarthak Industries Ltd.,531930,,
INE017W01010,Sarthak Metals Limited,540393,SMLT,
INE305D01019,SARUP INDUSTRIES LIMITED,514412,,
INE978L01016,Sarvamangal Mercantile Co. Ltd.,506190,,
INE324X01026,Sarveshwar Foods Limited,543688,SARVESHWAR,
INE822Q01015,Sarvottam Finvest Limited,539124,,
INE231F01020,Sasken Technologies Limited,532663,SASKEN,
INE639K01016,SATCHMO HOLDINGS LIMITED,533202,,
INE170E01023,Satia Industries Limited,539201,SATIA,
INE836B01017,Satin Creditcare Network Limited,539404,SATIN,
INE0QUV01010,SATTRIX INFORMATION SECURITY LIMITED,544189,,
INE280E01038,SATTVA SUKUN LIFECARE LIMITED,539519,,
INE07MC01015,Satyam Silk Mills Ltd,503893,,
INE563C01015,Saumya Consultants Ltd.,539218,,
INE626A01014,Saurashtra Cement Limited,502175,SAURASHCEM,
INE856B01023,Saven Technologies Ltd.,532404,,
INE104E01014,Savera Industries Ltd.,512634,,
INE035D01020,Savita Oil Technologies Limited,524667,SOTL,
INE248B01023,SAWACA ENTERPRISES LIMITED,531893,,
INE0MGS01014,Sayaji Hotels (Indore) Limited,544080,,
INE07G501017,Sayaji Hotels (Pune) Limited,544090,,
INE318C01014,Sayaji Hotels Limited,523710,SAYAJIHOTL,Sayaji Hotel Ltd
INE327G01032,Sayaji Industries Limited,540728,,
INE04AK01028,SBC Exports Limited,542725,SBC,
INE948G01019,SBEC Sugar Ltd.,532102,,
INE689V01018,SBEC Systems (Ind) Ltd.,517360,,
INE423Y01016,SBFC Finance Limited,543959,SBFC,
INE018E01016,SBI Cards and Payment Services Limited,543066,SBICARD,
INE123W01016,SBI Life Insurance Company Limited,540719,SBILIFE,
INF200K01VT2,SBI Mutual Fund,535276,,
INF200KA1572,SBI Mutual Fund,539031,,
INF200KA1VQ2,SBI Mutual Fund,541972,,
INF200KB1282,SBI Mutual Fund,544215,,
INF200KB1712,SBI Mutual Fund,544385,,
INF200K30015,SBI Mutual Fund,544588,,
INF200K30023,SBI Mutual Fund,544589,,
INF200K30031,SBI Mutual Fund,544590,,
INF200K30049,SBI Mutual Fund,544591,,
INF200K30056,SBI Mutual Fund,544592,,
INF200K30064,SBI Mutual Fund,544593,,
INF200KB1AJ0,SBI Mutual Fund,544722,,
INF200KB1AK8,SBI Mutual Fund,544745,,
INF200KB1AX1,SBI Mutual Fund,544762,,
INF200KB1AY9,SBI Mutual Fund,544763,,
INF200KA1580,SBI Mutual Fund-Permitted,590137,,
INF200KA1FS1,SBI Mutual Fund-Permitted,590138,,
INE0DLM01024,SBL Infratech Limited,543366,,
INE895E01017,SC Agrotech Limited,526081,,
INE393D01015,Scan Projects Ltd,531797,,
INE099G01011,Scan Steels Limited,511672,SCANSTL,
INE0IXR01019,Scarnose International Limited,543537,,
INE513A01022,Schaeffler India Limited,505790,SCHAEFFLER,
INE839M01018,Schneider Electric Infrastructure Limited,534139,SCHNEIDER,
INE155D01018,Schneider Electric President Systems Ltd,544786,,
INE892C01018,Scintilla Commercial & Credit  Limited,538857,,
INE090501011,Scoda Tubes Limited,544411,SCODATUBES,
INE962E01015,SCOOBEE DAY GARMENTS (INDIA) LIMITED,531234,,
INE807O01011,SDC TECHMEDIA LIMITED,535647,,
INE351L01016,SEA TV Network Limited,533268,,
INE0O4601016,Sealmatic India Limited,543782,,
INE497B01018,Seamec Limited,526807,SEAMECLTD,
INE707B01010,Seasons Textiles Ltd,514264,,
INE0BTM01013,SecMark Consultancy Limited,543234,SECMARK,
INE650K01021,SECUREKLOUD TECHNOLOGIES LIMITED,512161,SECURKLOUD,
INE00XB01019,SEDEMAC Mechatronics Limited,544723,SEDEMAC,
INE955I01044,Sejal Glass Limited,532993,SEJALLTD,
INE105I01020,SEL Manufacturing Company Limited,532886,SELMC,
INE617A01013,Semac Construction Limited,505368,SEMAC,
INE602W01027,Senco Gold Limited,543936,SENCO,
INE0RB801010,Senores Pharmaceuticals Limited,544319,SENORES,
INE964H01014,SEPC Limited,532945,SEPC,
INE017I01027,SERA INVESTMENTS & FINANCE INDIA LIMITED,512399,,
INE782X01033,Servotech Renewable Power System Limited,,SERVOTECH,
INE04VU01023,Seshaasai Technologies Limited,544533,STYL,
INE630A01024,Seshasayee Paper and Boards Limited,502450,SESHAPAPER,Seshasayee Paper & Boards Ltd.
INE878E01021,Setco Automotive Limited,505075,SETCO,
INE023M01027,Setubandhan Infrastructure Limited,533605,SETUINFRA,
INE573R01012,Seya Industries Limited,524324,SEYAIND,
INE618R01015,SG Finserve Limited,539199,SGFIN,
INE385F01024,SG Mart Limited,512329,SGMART,
INE967B01028,SGL RESOURCES LIMITED,526544,,
INE266C01023,SGN Telecoms Ltd.,531812,,
INE12UN01015,Shadowfax Technologies Limited,544685,SHADOWFAX,
INE640C01011,Shah Alloys Limited,513436,SHAHALLOYS,
INE02C301011,Shah Construction Co. Ltd.,509870,,
INE482J01021,Shah Metacorp Limited,533275,SHAH,
INE482J20021,Shah Metacorp Ltd-RE,751121,SHAH-RE1,SHAH METACORP LIMITED
INE825D01016,Shahi Shipping Limited,526508,,
INE052001026,Shahlon Silk Industries Limited,542862,,
INE151G01028,Shaily Engineering Plastics Limited,501423,SHAILY,
INE794C01016,Shakti Press Ltd.,526841,,
INE908D01010,Shakti Pumps (India) Limited,531431,SHAKTIPUMP,
INE597J01018,Shalby Limited,540797,SHALBY,
INE861D01011,Shalibhadra Finance Limited,511754,SAHLIBHFI,
INE849C01026,Shalimar Paints Limited,509874,SHALPAINTS,
INE435E01020,Shalimar Productions Ltd.,512499,,
INE655D01025,Shalimar Wires Industries Ltd.,532455,,
INE118R01032,SHANGAR DECOR LIMITED,540259,,
INE01NE01012,Shankar Lal Rampal Dye-Chem Limited,542232,SRD,
INE274V01019,Shankara Building Products Limited,540425,SHANKARA,
INE24OJ01011,Shankara Buildpro Limited,544517,BUILDPRO,
INE0TD301017,SHANMUGA HOSPITAL LIMITED,544365,,
INE545N01019,Shantanu Sheorey Aquakult ltd.,531925,,
INE631A01022,Shanthi Gears Limited,522034,SHANTIGEAR,
INE440T01028,Shanti Educational Initiatives Limited,539921,SEIL,
INE06ZD01017,Shanti Gold International Limited,544459,SHANTIGOLD,
INE892L01019,SHANTI GURU INDUSTRIES LIMITED,534708,,
INE933X01016,Shanti Overseas (India) Limited,,SHANTI,
INE0QZQ01019,SHANTI SPINTEX LIMITED,544059,,
INE0LU301014,SHANTIDOOT INFRA SERVICES LIMITED,543598,,
INE220Z01013,Sharat Industries Limited,519397,SHINDL,
INE221J01015,Sharda Cropchem Limited,538666,SHARDACROP,
INE385M01012,Sharda Ispat Ltd.,513548,,
INE597I01028,Sharda Motor Industries Limited,535602,SHARDAMOTR,
INE037B01020,Shardul Securities Limited,512393,SHARDUL,
INE932X01026,Share India Securities Limited,540725,SHAREINDIA,
INE0LY301010,Share Samadhan Limited,544251,,
INE669Y01022,SHARIKA ENTERPRISES LIMITED,540786,,
INE465H01012,Sharma East India Hospitals And Res,524548,,
INE909D01026,SHARP INVESTMENTS LTD,538212,,
INE647W01014,SHARPLINE BROADCAST LIMITED,543341,,
INE0UJF01018,SHARVAYA METALS LIMITED,544506,,
INE508R01018,Shashank Traders Limited,540221,,
INE700V01021,Shashijit Infraprojects Limited,540147,,
INE0JMN01019,Shashwat Furnishing Solutions Limited,543519,,
INE0UCL01011,SHAYONA ENGINEERING LIMITED,544686,,
INE916U01025,Sheela Foam Limited,540203,SFL,
INE501Y01019,Sheetal Cool Products Limited,540757,SCPL,
INE268L01046,Shekhawati Industries Limited,533301,SHEKHAWATI,
INE413C01013,Shelter Infra Projects Limited,526839,,
INE013V01011,SHELTER PHARMA LIMITED,543963,,
INE363M01019,Shemaroo Entertainment Limited,538685,SHEMAROO,
INE0OUS01011,Shentracon Chemicals Ltd.,530757,,
INE495M01019,Sheraton Properties & Finance Ltd.,512367,,
INE011D01013,Shervani Industrial syndicate Ltd,526117,,
INE193R01019,SHESHADRI INDUSTRIES LIMITED,539111,,
INE278C01010,Shetron Ltd.,526137,,
INE641B01011,Shikhar Consultants Ltd.,526883,,
INE02BV01019,Shikhar Leasing and Trading Ltd.,507952,,
INE024F01011,Shilchar Technologies Limited,531201,SHILCTECH,
INE960A01017,Shilp Gravures Ltd.,513709,,
INE790G01031,Shilpa Medicare Limited,530549,SHILPAMED,
INE0BLY01023,Shine Fashions (India) Limited,543244,,
INE0D8001018,SHINING TOOLS LIMITED,544607,,
INE0PB301013,Shipping Corporation of India Land and Assets Limited,544142,SCILAL,
INE109A01011,Shipping Corporation Of India Limited,523598,SCI,
INE0O9L01010,Shipwaves Online Limited,544646,,
INE145Y01023,Shish Industries Limited,540693,,
INE719F01016,Shiv Aum Steels Limited,,SHIVAUM,
INE0YRO01015,SHIV TEXCHEM LIMITED,544272,,
INE555C01029,Shiva Cement Ltd.,532323,,
INE960E01019,Shiva Global Agro Industries Limited,530433,,
INE191V01015,Shiva Granito Export Limited,540072,,
INE644Y01017,Shiva Mills Limited,540961,SHIVAMILLS,
INE02Z901011,Shiva Suitings Ltd.,521003,,
INE705C01020,Shiva Texyarn Limited,511108,SHIVATEX,
INE092H01014,Shivagrico Implements Ltd.,522237,,
INE386D01027,Shivalik Bimetal Controls Limited,513097,SBCL,
INE788J01021,Shivalik Rasayan Limited,539148,SHIVALIK,
INE637H01024,Shivam Autotech Limited,532776,SHIVAMAUTO,
INE0SGR01013,SHIVAM CHEMICALS LIMITED,544165,,
INE728Q01014,Shivansh Finserv Limited,539593,,
INE429R01017,Shivkamal Impex Limited,539683,,
INE1EUB01016,SHLOKKA DYES LIMITED,544582,,
INE0OJZ01019,Shoora Designs Limited,543970,,
INE498B01024,Shoppers Stop Limited,532638,SHOPERSTOP,
INE311M01018,SHRADDHA PRIME PROJECTS LTD,531771,,
INE489B01031,Shradha AI Technologies Limited,543976,,
INE715Y01031,Shradha Realty Limited,,SHRADHA,
INE185C01017,Shree Ajit Pulp & Paper Limited,538795,SAPPL,Shree Ajit Pulp And Paper Ltd
INE363D01018,Shree Bhavya Fabrics Limited,521131,,
INE070A01015,SHREE CEMENT LIMITED,500387,SHREECEM,Shree Cements Ltd.
INE232A01011,Shree Digvijay Cement Co.Ltd,502180,SHREDIGCEM,
INE051N01026,Shree Ganesh Biotech (India) Limited,539470,,
INE400N01017,Shree Ganesh Elastoplast Ltd,530797,,
INE414Y01015,Shree Ganesh Remedies Limited,540737,,
INE101H01013,SHREE HANUMAN SUGAR & INDUSTRIES LTD.,537709,,
INE065E01017,Shree Hari Chemicals Export Ltd.,524336,,
INE538D01015,Shree Karthik Papers Ltd.,516106,,
INE951Z01013,Shree Krishna Infrastructure Limited,542146,,
INE970C01012,Shree Krishna Paper Mills & Industr,500388,,
INE632A01012,Shree Manufacturing Co. Ltd.,503863,,
INE0QIS01011,Shree Marutinandan Tubes Limited,544083,,
INE914B01012,Shree Metalloys Limited,531962,,
INE847D01010,Shree Pacetronix Ltd,527005,,
INE318K01025,Shree Precoated Steels Limited,533110,,
INE712K01011,Shree Pushkar Chemicals & Fertilisers Limited,539334,SHREEPUSHK,
INE796C01011,Shree Rajasthan Syntex Ltd.,503837,,
INE19GK01015,Shree Ram Twistex Limited,544716,SRTL,
INE879A01019,Shree Rama Multi-Tech Limited,532310,SHREERAMA,
INE278B01020,Shree Rama Newsprint Limited,500356,RAMANEWS,
INE0FMZ01045,SHREE REFRIGERATIONS LIMITED,544458,,
INE087H01022,Shree Renuka Sugars Limited,532670,RENUKA,
INE315N01017,Shree Salasar Investment Ltd.,503635,,
INE397C01026,Shree Securities Ltd.,538975,,
INE387D01025,Shree Steel Wire Ropes Ltd.,513488,,
INE0S2G01011,Shree Tirupati Balajee Agro Trading Company Limited,544249,BALAJEE,
INE00CE01017,Shree Vasu Logistics Limited,,SVLL,
INE981C01019,Shree Vatsaa Finance & Leasing Ltd.,532007,,
INE1B6101010,Shreeji Shipping Global Limited,544490,SHREEJISPG,
INE402Y01028,Shreeji Translogistics Limited,540738,,
INE475V01012,Shreenath Investments Co. Ltd.,503696,,
INE0RXS01018,SHREENATH PAPER PRODUCTS LIMITED,544372,,
INE00IK01029,ShreeOswal Seeds And Chemicals Limited,,OSWALSEEDS,
INE452Z01012,Shreeshay Engineers Limited,541112,,
INE632X01030,Shrenik Limited,,SHRENIK,
INE231C01019,Shreyans Industries Limited,516016,SHREYANIND,
INE115F01017,Shreyas Intermediates Ltd.,526335,,
INE402H01015,Shri Bajrang Alliance Limited,526981,SHBAJRG,
INE0RNZ01014,Shri Balaji Valve Components Limited,544074,,
INE204C01024,Shri Dinesh Mills Ltd.,503804,,
INE241V01018,Shri Gang Industries & Allied Products Limited,523309,,
INE564J01026,Shri Jagdamba Polymers Ltd,512453,,
INE079N01019,Shri Kalyan Holdings Ltd.,532083,,
INE260E01014,Shri Keshav Cements and Infra Limited,530977,,
INE997I01012,Shri Krishna Devcon Limited,531080,SHRIKRISH,
INE418K01015,Shri Rajivlochan Oil Extraction Ltd,530295,,
INE574G01013,SHRI VASUPRADA PLANTATIONS LIMITED,538092,,
INE0HLJ01013,Shri Venkatesh Refineries Limited,543373,,
INE753D01010,Shricon Industries Ltd.,508961,,
INE1B3L01017,Shringar House of Mangalsutra Limited,544512,SHRINGARMS,
INE777G01012,Shriram Asset Management Co.Ltd.,531359,,
INE721A01047,Shriram Finance Limited,511218,SHRIRAMFIN,
INE526E01018,Shriram Pistons & Rings Limited,544344,SHRIPISTON,
INE217L01019,Shriram Properties Limited,543419,SHRIRAMPPS,
INE472C01027,SHRISTI INFRASTRUCTURE DEVELOPMENT CORPORATION LTD.,511411,,
INE488C01015,SHRYDUS INDUSTRIES LIMITED,511493,,
INE01J501010,Shubham Polyspin Limited,542019,,
INE561E01015,Shukra Bullions Limited,531506,,
INE344E01016,Shukra Jewellers Limited,523790,,
INE551C01044,Shukra Pharmaceuticals Limited,524632,,
INE979R01011,Shyam Century Ferrous Limited,539252,SHYAMCENT,
INE810G01011,Shyam Metalics and Energy Limited,543299,SHYAMMETL,
INE635A01023,Shyam Telecom Limited,517411,SHYAMTEL,
INE861E01019,Shyama Computronics and Services Limited,531219,,
INE203N01015,Shyamkamal Investments Ltd.,505515,,
INE441C01014,Sibar Auto Parts Ltd.,520141,,
INE176J01011,Sicagen India Limited,533014,SICAGEN,
INE075B01020,Sical Logistics Limited,520086,SICALLOG,
INE140C01012,Siddha Ventures Limited,530439,,
INE797C01019,Siddheswari Garments Ltd.,526877,,
INE403L01015,SIDH AUTOMOBILES LIMITED,539983,,
INE1NPP01017,Siemens Energy India Limited,544390,ENRIN,
INE003A01024,Siemens Limited,500550,SIEMENS,
INE0D0K01022,Sigachi Industries Limited,543389,SIGACHI,
INE933B01012,SIGMA ADVANCED SYSTEMS LIMITED,532408,SIGMAADV,
INE0A0S01028,Sigma Solve Limited,543917,SIGMA,
INE131O01024,SIGNATURE GREEN CORPORATION LIMITED,507663,,
INE903U01023,Signatureglobal (India) Limited,543990,SIGNATURE,
INE529F01035,Signet Industries Limited,512131,SIGIND,
INE0KGZ01021,Signpost India Limited,544117,SIGNPOST,
INE0SFA01011,SIHORA INDUSTRIES LIMITED,544585,,
INE438E01032,Sika Interplant Systems Limited,523606,SIKA,
INE112X01025,Sikko Industries Limited,,SIKKO,
INE528E01022,Sikozy Realtors Limited,524642,,
INE923A01015,SIL Investments Limited,521194,SILINV,
INE01II01013,Silgo Retail Limited,,SILGO,
INE0MNV01014,SILICON RENTAL SOLUTIONS LIMITED,543615,,
INE203Y01012,Silly Monks Entertainment Limited,,SILLYMONKS,
INE870J01019,Silver Oak (India) Ltd.,531635,,
INE798C01017,Silver oak Commercial Ltd.,512197,,
INE0KXN01014,Silver Pearl Hospitality & Luxury Spaces Limited,543536,,
INE625X01026,Silver Touch Technologies Limited,543525,SILVERTUC,
INE0VI201010,SIMANDHAR IMPEX LIMITED,544662,,
INE748T01016,Simbhaoli Sugars Limited,539742,SIMBHALS,
INE657D01021,Simmonds-Marshall Ltd,507998,,
INE658D01011,Simplex Castings Ltd.,513472,,
INE059B01024,Simplex Infrastructures Limited,523838,SIMPLEXINF,
INE457H01027,SIMPLEX MILLS COMPANY LIMITED,533018,,
INE456H01029,SIMPLEX PAPERS LTD.,533019,,
INE167H01014,Simplex Realty Limited,503229,,
INE354D01017,Simran Farms Ltd.,519566,,
INE985A01022,Sinclairs Hotels Limited,523023,SINCLAIR,
INE325D01025,Sindhu Trade Links Limited,532029,SINDHUTRAD,
INE638A01035,Singer India Limited,505729,SINGERIND,
INE896E01023,Sinnar Bidi Udyog Ltd.,509887,,
INE129Z01016,Sintercom India Limited,,SINTERCOM,
INE792Z01011,Sirca Paints India Limited,543686,SIRCA,
INE785O01019,Sirohia & Sons Limited,538667,,
INE285J01028,SIS LIMITED,540673,SIS,
INE579D01019,Sita Enterprises LTD.,512589,,
INE965H01011,Siti Networks Limited,532795,SITINET,
INE0QSK01017,Siyaram Recycling Industries Limited,544047,,
INE076B01028,Siyaram Silk Mills Limited,503811,SIYSIL,
INE235U01012,SIZEMASTERS TECHNOLOGY LIMITED,513496,,
INE002L01015,SJVN Limited,533206,SJVN,
INE04ST01013,SK International Export Limited,542728,,
INE13YH01017,SK Minerals & Additives Limited,544584,,
INE2J8701016,SKF India (Industrial) Limited,544572,SKFINDUS,
INE640A01023,SKF India Limited,500472,SKFINDIA,
INE439E01022,Skipper Limited,538562,SKIPPER,
INE411D01023,SKM Egg Products Export (India) Limited,532143,SKMEGGPROD,SKM Egg Products Exports (India) Lt
INE709B01016,SKP Securities Ltd.,531169,,
INE01IU01018,SKY GOLD AND DIAMONDS LIMITED,541967,SKYGOLD,
INE765B01018,Sky Industries Ltd,526479,,
INE393H01016,SKYBIOTECH HEALTHCARE LIMITED,512036,,
INE178E01026,Skyline Millars Ltd,505650,,
INE0C4I01011,SM Auto Stamping Limited,543065,,
INE766D01020,Smart Finsec Limited,539494,,
INE178C01020,Smartlink Holdings Limited,532419,SMARTLINK,
INE0NAZ01010,Smartworks Coworking Spaces Limited,544447,SMARTWORKS,
INE440E01012,SMC Credits ltd.,532138,,
INE103C01036,SMC Global Securities Limited,543263,SMCGLOBAL,
INE728B01032,Smiths & Founders (India) Limited,513418,,
INE294B01019,SML Mahindra Limited,505192,SMLMAH,
INE11XK01017,SMR Jewels Limited,544774,,
INE172E01011,Smruthi Organics Limited,540686,,
INE812G01025,SMS Pharmaceuticals Limited,532815,SMSPHARMA,
INE673E01018,SMT ENGINEERING LIMITED,538563,,
INE568F01017,SNL Bearings Ltd.,505827,,
INE734N01019,Snowman Logistics Limited,538635,SNOWMAN,
INE671H01015,Sobha Limited,532784,SOBHA,
INE754D01018,Sobhagya Mercantile Ltd.,512014,,
INE0Q3401017,Sodhani Academy of Fintech Enablers Limited,544257,,
INE0QU501030,SODHANI CAPITAL LIMITED,544560,,
INE499Q01012,SOFCOM SYSTEMS LIMITED,538923,,
INE562E01021,Softrak Venture Investments Ltd.,531529,,
INE728Z01015,Softtech Engineers Limited,543470,SOFTTECH,
INE343H01029,Solar Industries India Limited,532725,SOLARINDS,
INE624Z01016,Solara Active Pharma Sciences Limited,541540,SOLARA,
INE0W0H01017,SOLARIUM GREEN ENERGY LIMITED,544354,,
INE0TY101024,Solarworld Energy Solutions Limited,544532,SOLARWORLD,
INE880Y01017,Solex Energy Limited,,SOLEX,
INE584G01012,Solid Stone Company Ltd.,513699,,
INE410A01013,Solitaire Machine Tools Ltd,522152,,
INE1IIQ01028,Solvex Edibles Limited,544539,,
INE480C01038,Som Distilleries & Breweries Limited,507514,SDBL,
INE314C01013,Soma Textiles & Industries Limited,521034,SOMATEX,Soma Textile & Industries Ltd
INE355A01028,Somany Ceramics Limited,531548,SOMANYCERA,
INE323J01019,Somi Conveyor Beltings Limited,533001,SOMICONVEY,
INE073K01018,Sona BLW Precision Forgings Limited,543300,SONACOMS,
INE344I01017,Sonal Adhesives Ltd.,526901,,
INE321M01017,Sonal Mercantile Limited,538943,SONAL,
INE0N5O01013,Sonalis Consumer Products Limited,543924,,
INE00LM01029,SONAM LIMITED,,SONAMLTD,
INE269A01021,Sonata Software Limited,532221,SONATSOFTW,
INE848R01018,Soni Medicare Limited,539378,,
INE268X01017,Sophia Traexpo Limited,541633,,
INE695C01015,Source Industries (India) Ltd,521036,,
INE679C01027,Source Natural Foods & Herbal Suppl Ltd,531398,,
INE088G01014,South India Paper Mills Ltd.,516108,,
INE980Y01015,South West Pinnacle Exploration Limited,543986,SOUTHWEST,
INE298B01010,SOUTHERN INFOCONSULTANTS LIMITED,540174,,
INE410M01018,Southern Latex Ltd.,514454,,
INE308N01012,Southern Magnesium And Chemicals Lt,513498,,
INE147A01011,Southern Petrochemicals Industries Corporation  Limited,590030,SPIC,Southern Petrochemical Industries Corporation Limited
INE959D01013,Sovereign Diamonds Ltd,523826,,
INE726X01014,SPA Capital Services Limited,542376,,
INE797Z01028,Space Incubatrics Technologies Limited,541890,,
INE970N01027,Spacenet Enterprises India Limited,,SPCENET,
INE572J01011,Spandana Sphoorty Financial Limited,542759,SPANDANA,
IN9572J01019,Spandana Sphoorty Financial Limited,890221,,
INE960B01015,SPARC ELECTREX LIMITED,531370,,
INE618F01010,SPARKLE GOLD ROCK LIMITED,530037,,
INE0R0M01014,SPECIALITY MEDICINES LIMITED,544738,,
INE247M01014,Speciality Restaurants Limited,534425,SPECIALITY,
INE848B01012,Spectra Industries Ltd.,513687,,
INE01EO01010,Spectrum Electrical Industries Limited,544386,SPECTRUM,
INE547C01018,Spectrum Foods Limited,531982,,
INE497M01015,Speedage Commercials Ltd.,512291,,
INE252A01019,SPEL Semiconductor Ltd.,517166,,
INE020801028,Spencer's Retail Limited,542337,SPENCERS,
INE175C01018,Spenta International Ltd.,526161,,
INE882D01017,SPICE ISLANDS INDUSTRIES LIMITED,526827,,
INE631E01024,SPICE LOUNGE FOOD WORKS LIMITED,539895,,
INE285B01017,SpiceJet Limited,500285,,
INE10XX01012,SPINAROO COMMERCIAL LIMITED,544392,,
INE978G01016,SPL Industries Limited,532651,SPLIL,
INE937A01023,SPML Infra Limited,500402,SPMLINFRA,
INE885H01029,Sportking India Limited,539221,SPORTKING,
INE537U01037,Sprayking Limited,540079,,
INE179O01031,SPRIGHT AGRO LIMITED,531205,,
INE02ZA01012,SPRINGFORM TECHNOLOGY LIMITED,501479,,
INE177E01010,SPV GLOBAL TRADING LIMITED,512221,,
INE716K01020,Square Four Projects India Limited,526532,,
INE377C01010,Sree chem Resins Ltd,514248,,
INE917H01012,Sree Rayalaseema Hi-Strength Hypo Limited,532842,SRHHYPOLTD,
INE099F01013,Sreeleathers Limited,535601,SREEL,
INE606K01049,Srestha Finvest Limited,539217,,
INE647A01010,SRF Limited,503806,SRF,
INE326P01019,SRG FINGROW FINANCE LIMITED,536710,,
INE559N01010,SRG Housing Finance Limited,534680,SRGHFL,
INE985Q01010,SRI AMARNATH FINANCE LIMITED,538863,,
INE827D01020,Sri Chakra Cement Limited,518053,,
INE293B01029,Sri Havisha Hospitality and Infrastructure Limited,531322,HAVISHA,
INE009C01019,Sri KPR Industries Ltd,514442,,
INE456D01010,Sri Lakshmi Saraswathi Textiles (Ar,521161,,
INE0V9Q01010,Sri Lotus Developers and Realty Limited,544469,LOTUSDEV,
INE443E01016,Sri Nachammai Cotton Mills Ltd.,521234,,
INE306D01017,Sri Ramakrishna Mills (Coimbatore) Ltd.,521178,,
INE0RJ901010,SRIGEE DLM LIMITED,544399,,
INE0R6Z01013,SRM Contractors Limited,544158,SRM,
INE425C01017,SRU Steels Limited,540914,,
INE1U2R01013,SSMD AGROTECH INDIA LIMITED,544621,,
INE838C01011,SSPDL Limited,530821,,
INE820R01017,SSPN Finance Limited,539026,,
INE0RYC01010,Stallion India Fluorochemicals Limited,544342,STALLION,
INE16QA01011,STANBIK AGRO LIMITED,544659,,
INE502C01039,Standard Batteries Ltd.,504180,,
INE625D01028,Standard Capital Markets Ltd.,511700,,
INE0M4D01010,Standard Engineering Technology Limited,544333,SETL,
INE173A01025,Standard Industries Limited,530017,SIL,
INE888N01013,Standard Shoe Sole and Mould (India) Ltd,523351,,
INE307D01015,Standard Surfactants Ltd.,526231,,
INE01A001028,Stanley Lifestyles Limited,544202,STANLEY,
INE457D01018,Stanpacks (India) Ltd.,530931,,
INE441L01015,Stanrose Mafatlal Investments & Fin,506105,,
INE460H01021,Star Cement Limited,540575,STARCEMENT,
INE541K01014,STAR DELTA TRANSFORMERS LIMITED,539255,,
INE575P01011,Star Health and Allied Insurance Company Limited,543412,STARHEALTH,
INE526R01028,STAR HOUSING FINANCE LIMITED,539017,,
INE0YG001013,STAR IMAGING AND PATH LAB LIMITED,544482,,
INE733A01018,Star Paper Mills Limited,516022,STARPAPER,
INE347I01010,Starcom Information Technology Ltd,531616,,
INE594W01042,STARLINEPS ENTERPRISES LIMITED,540492,,
INE580C01019,Starlog Enterprises Limited,520155,,
INE320M01019,STARSOURCE MULTITRADE LIMITED,506365,,
INE992I01013,Starteck Finance Limited,512381,STARTECK,
INE062A01020,State Bank of India,500112,SBIN,
INE114A01011,Steel Authority of India Limited,500113,SAIL,
INE395H01011,Steel City Securities Limited,,STEELCITY,
INE503B01021,STEEL EXCHANGE INDIA LIMITED,534748,STEELXIND,
INE205F01016,Steel Strips Infrastructures Limited,513173,,
INE802C01033,Steel Strips Wheels Limited,513262,SSWL,Steel Strips & Wheels Ltd
INE124E01038,Steelcast Limited,513517,STEELCAS,
INE0MSK01016,STEELMAN TELECOM LIMITED,543622,,
INE577L01016,Stel Holdings Limited,533316,STEL,
INE395F01023,STELLANT SECURITIES (INDIA) LIMITED,526071,,
INE325P01011,STELLAR CAPITAL SERVICES LIMITED,536738,,
INE623D01015,Step Two Corporation Ltd.,531509,,
INE00M201021,Sterling and Wilson Renewable Energy Limited,542760,SWSOLAR,
INE398F01019,Sterling Green  Woods  Limited,526500,,
INE067E01013,Sterling Powergensys Limited,513575,,
INE334A01023,Sterling Tools Limited,530759,STERTOOLS,
INE089C01029,Sterlite Technologies Limited,532374,STLTECH,
INE353H01010,STL Global Limited,532730,SGL,
INE1VXE01018,STL Networks Limited,544395,STLNETWORK,
INE0RGM01016,Storage Technologies and Automation Limited,544171,,
INE00IN01015,Stove Kraft Limited,543260,STOVEKRAFT,
INE755D01015,Stovec Industries Ltd.,504959,,
INE473C01025,STRATMONT INDUSTRIES LIMITED,530495,,
INE939A01011,Strides Pharma Science Limited,532531,STAR,
INE958L01034,STRING METAVERSE LIMITED,534535,,
INE00Q601028,Studds Accessories Limited,544599,STUDDS,
INE239C01020,Stylam Industries Limited,526951,STYLAMIND,
INE189B01011,Styrenix Performance Materials Limited,506222,STYRENIX,
INE0U6201010,SUBAM PAPERS LIMITED,544267,,
INE754A01055,Subex Limited,532348,SUBEXLTD,
INE690D01014,Subhash Silk Mills Ltd.,530231,,
INE287B01021,Subros Limited,517168,SUBROS,
INE618D01015,Sudal Industries Limited,506003,,
INE659A01023,Sudarshan Chemical Industries Limited,506655,SUDARSCHEM,Sudarshan Chemical Indus. Ltd.
INE492A01029,Sudarshan Colorants India Limited,506390,SUDARCOLOR,
INE00TV01023,SUDARSHAN PHARMA INDUSTRIES LIMITED,543828,,
INE0QPI01025,Sudeep Pharma Limited,544619,SUDEEPPHRM,
INE691D01012,Suditi Industries Ltd.,521113,,
INE249U01013,Sueryaa Knitwear Limited,540318,,
INE309D01011,Sugal & Damani Share Brokers Ltd.,511654,,
INE0XX801016,SUGS LLOYD LIMITED,544501,,
INE029H01016,Sujala Trading & Holdings Ltd.,539117,,
INE450E01029,Sukhjit Starch & Chemicals Limited,524542,SUKHJITS,
INE142Q01026,Sula Vineyards Limited,543711,SULA,
INE673M01029,Sulabh Engineers & Services Limited,508969,,
INE886B01012,Sumedha Fiscal Services Ltd.,530419,,
INE235C01036,Sumeet Industries Limited,514211,SUMEETINDS,
INE764B01029,Sumeru Industries Ltd.,530445,,
INE748Z01013,Sumit Woods Limited,,SUMIT,
INE258G01013,Sumitomo Chemical India Limited,542920,SUMICHEM,
INE519C01017,Summit Securities Limited,533306,SUMMITSEC,
INE232I01014,Sun Pharma Advanced Research Company Limited,532872,SPARC,
INE044A01036,Sun Pharmaceutical Industries Limited,524715,SUNPHARMA,
INE206Z01020,Sun Retail Limited,542025,,
INE424H01027,Sun TV Network Limited,532733,SUNTV,
INE452S01025,Suncare Traders Limited,539526,,
INE584D01019,Suncity Synthetics Ltd.,530795,,
INE073D01013,Sundaram Brake Linings Limited,590072,SUNDRMBRAK,
INE0Q3R01026,Sundaram Clayton Limited,544066,SUNCLAY,
INE660A01013,Sundaram Finance Limited,590071,SUNDARMFIN,
INE108E01023,Sundaram Multi Pap Limited,533166,SUNDARAM,
INE387A01021,Sundram Fasteners Limited,500403,SUNDRMFAST,
INE209A01019,Sundrop Brands Limited,500215,SUNDROP,
INE947A01014,Sunflag Iron And Steel Company Limited,500404,SUNFLAG,Sunflag Iron & Steel Co. Ltd.
INE271D01013,Sungold Capital Ltd.,531433,,
INE266S01011,Sungold Media and Entertainment Limited,541799,,
INE224D01012,Sunil Agro Foods ltd.,530953,,
INE671C01016,Sunil Healthcare Limited,537253,,
INE124M01015,Sunil Industries Ltd.,521232,,
INE0Q1S01010,Sunita Tools Limited,544001,,
INE459D01014,Sunraj Diamond Exports Ltd.,523425,,
INE671K01027,SUNRAKSHAKK INDUSTRIES INDIA LIMITED,539300,,
INE0KPY01017,Sunrise Efficient Marketing Limited,543515,,
INE371U01015,Sunrise Industrial Traders Ltd.,501110,,
INE199E01014,Sunshield Chemicals Ltd.,530845,,
INE10CM01027,Sunsky Logistics Limited,544566,,
INE805D01034,Sunteck Realty Limited,512179,SUNTECK,
INE897A01011,Super Bakers (India) Ltd.,530735,,
INE366G01022,Super Crop Safe Ltd.,530883,,
INE459U01018,SUPER FINE KNITTERS LIMITED,540269,,
INE16IQ01014,Super Iron Foundry Limited,544381,,
INE091C01017,Super Sales India Ltd.,512527,,
INE662A01027,Super Spinning Mills Limited,521180,SUPERSPIN,
INE460D01038,Super Tannery Limited,523842,,
INE712B01010,Superhouse Limited,523283,SUPERHOUSE,
INE574R01028,Superior Finlease Limited,539835,,
INE843L01012,Superior Industrial Enterprises Limited,519234,,
INE00SY01011,Supershakti Metaliks Limited,541701,,
INE0SC101013,SUPERTECH EV LIMITED,544428,,
INE881B01054,Supertex Industries Ltd,526133,,
INE549S01036,SUPHA PHARMACHEM LIMITED,539561,,
INE268T01015,Supra Pacific Financial Services Limited,540168,,
INE533B01028,Supra Trends Limited,511539,,
INE399C01030,Suprajit Engineering Limited,532509,SUPRAJIT,
INE319Z01021,Supreme Engineering Limited,,SUPREMEENG,
INE822E01011,Supreme Holdings & Hospitality (India) Limited,530677,SUPREME,
INE195A01028,Supreme Industries Limited,509930,SUPREMEIND,
INE550H01011,Supreme Infrastructure India Limited,532904,SUPREMEINF,
INE663A01033,Supreme Petrochem Limited,500405,SPLPETRO,
INE07RO01027,Supriya Lifescience Limited,543434,SUPRIYA,
INE843S01025,Suraj Estate Developers Limited,544054,SURAJEST,
INE170U01011,Suraj Industries Limited.,526211,,
IN9170U01035,Suraj Industries Limited.,890226,,
INE713C01016,Suraj Limited,531638,SURAJLTD,
INE069E01019,Suraj Products Ltd.,518075,,
INE877V01027,Suraksha Diagnostic Limited,544293,SURAKSHA,
INE272L01022,Surana Solar Limited,533298,SURANASOL,
INE130B01031,Surana Telecom and Power Limited,517530,SURANAT&P,
INE936A01025,Surat Trade and Mercantile Limited,530185,,
INE05ST01028,Suratwwala Business Group Limited,543218,SBGLP,
INE899E01019,Surbhi Industries Limited,514260,,
INE446E01019,Surya India Limited,539253,,
INE335A01020,Surya Roshni Limited,500336,SURYAROSNI,
INE360J01011,Suryaamba Spinning Mills Limited,533101,,
INE713B01026,Suryalakshmi Cotton Mills Limited,521200,SURYALAXMI,
INE132C01027,Suryalata Spinning Mills Limited,514138,SURYALA,
INE565E01016,Suryo Foods & Industries Ltd.,519604,,
INE428Q01011,Suryoday Small Finance Bank Limited,543279,SURYODAY,
INE2L0V01019,Susan Electricals India Limited,544793,,
INE645H01027,Sutlej Textiles and Industries Limited,532782,SUTLEJTEX,SUTLEJ TEXTILES & INDUSTRIES LIMITED
INE495B01038,Suven Life Sciences Limited,530239,SUVEN,
INE936N01010,Suvidha Infraestate Corporation Limited,531640,,
INE018401013,Suvidhaa Infoserve Limited,543281,SUVIDHAA,
INE07GA01011,Suyog Gurbaxani Funicular Ropeways Limited,543391,,
INE442P01014,Suyog Telematics Limited,537259,SUYOG,
INE040H01021,Suzlon Energy Limited,532667,SUZLON,
INE763K01014,SVA India Ltd,531885,,
INE119B01018,Svam Software Ltd,523722,,
INE406N01014,Svaraj Trading & Agencies Ltd.,503624,,
INE730R01042,Svarnim Trade Udyog Limited,539911,,
INE038B01010,SVC INDUSTRIES LIMITED,524488,,
INE308E01029,SVP GLOBAL TEXTILES LIMITED,505590,SVPGLOB,
INE0MID01012,SVS VENTURES LIMITED,543745,,
INE716M01034,Swadeshi Industries Leasing Co. Ltd,506863,,
INE243N01029,Swadeshi Polytex Ltd.,503816,,
INE0P4R01017,Swadha Nature Limited,531039,,
INE150R01019,Swagtam Trading & Services Limited,539406,,
INE665A01038,SWAN CORP LIMITED,503310,SWANCORP,
INE542F01020,Swan Defence and Heavy Industries Limited,533107,SWANDEF,
INE277A01016,Swaraj Engines Limited,500407,SWARAJENG,
INE595G01018,Swarna Securities Ltd.,531003,,
INE967A01012,SWARNSARITA JEWELS INDIA LIMITED,526365,,
INE0RDR01012,Swashthik Plascon Limited,544035,,
INE0TIR01017,Swasth Foodtech India Limited,544368,,
INE895A01023,Swasti Vinayaka Art And Heritage Corporation Ltd,512257,,
INE804A01025,Swasti Vinayaka Synthetics Ltd.,510245,,
INE0PTF01017,Swastika Castal Limited,544452,,
INE691C01022,Swastika Investmart Ltd,530585,,
INE210F01016,Swati Projects Limited,543914,,
INE409B01013,Swelect Energy Systems Limited,532051,SWELECTES,
INE00H001014,Swiggy Limited,544285,SWIGGY,
INE010C01025,SWISS MILITARY CONSUMER GOODS LIMITED,523558,,
INE311D01017,Switching Technologies Gunther Ltd.,517201,,
INE295B01016,SWOJAS FOODS LIMITED,530217,,
INE706F01021,Sylph Industries Limited,511447,,
INE653R01012,Symbiox Investment & Trading Co. Ltd.,539278,,
INE225D01027,Symphony Limited,517385,SYMPHONY,
INE312C01025,Syncom Formulations (India) Limited,524470,SYNCOMF,
INE00QT01015,Synergy Green Industries Limited,541929,SGIL,
INE398R01022,Syngene International Limited,539268,SYNGENE,
INE0DYJ01015,Syrma SGS Technology Limited,543573,SYRMA,
INE121D01036,Syschem (India) Ltd.,531173,,
INE1KLZ01011,SYSTEMATIC INDUSTRIES LIMITED,544541,,
INE356B01024,Systematix Corporate Services Limited,526506,SYSTMTXC,
INE07P301011,Systematix Securities Ltd.,531432,,
INE811B01010,T & I Global Ltd.,522294,,
INE592B01024,T T Limited,514142,TTL,
INE541C01037,T. Spiritual World Ltd.,532444,,
INE524T01011,Taal Tech Limited,539956,TAALTECH,
INE385D01029,TAHMAR ENTERPRISES LIMITED,516032,,
INE358D01018,Tai Industries Ltd.,519483,,
INE123C01018,Tainwala Chemical and Plastic (I) Limited,507785,TAINWALCHM,Tainwala Chemicals & Plastics Ltd
INE586B01026,Taj GVK Hotels & Resorts Limited,532390,TAJGVK,
INE142I01023,Take Solutions Limited,532890,TAKE,
INE14OX01013,TAKYON NETWORKS LIMITED,544471,,
INE187D01029,Talbros Automotive Components Limited,505160,TALBROAUTO,
INE717E01013,TALBROS ENGINEERING LIMITED,538987,,
INE864J01012,Tamboli Industries Limited,533170,TAMBOLIIN,
INE107A01015,Tamil Nadu Newsprint & Papers Limited,531426,TNPL,Tamil Nadu Newsprint And Papers Ltd
INE668A01016,Tamilnad Mercantile Bank Limited,543596,TMB,
INE148A01019,Tamilnadu PetroProducts Limited,500777,TNPETRO,
INE141D01018,Tamilnadu Telecommunication Limited,523419,TNTELE,Tamilnadu Telecommunications Ltd.
INE896J01014,TANDHAN INDUSTRIES LIMITED,512062,,
INE692C01020,Taneja Aerospace & Aviation Ltd.,522229,,
INE639B01023,TANFAC Industries Ltd.,506854,,
INE483C01032,Tanla Platforms Limited,532790,TANLA,
INE978V01015,Tanvi Foods (India) Limited,540332,,
INE614R01014,Taparia Tools Ltd.,505685,,
INE555Z01020,Tara Chand InfraLogistic Solutions Limited,,TARACHAND,
INE906C01016,Tarai Foods Ltd.,519285,,
INE747K01017,Tarapur Transformers Limited,533203,TARAPUR,
INE0EK901012,TARC Limited,543249,TARC,
INE849M01017,Tarini International Limited,538496,,
INE924H01018,Tarmat Limited,532869,TARMAT,
INE144Z01023,Tarsons Products Limited,543399,TARSONS,
INE552H01017,Tashi India Ltd.,512271,,
INE488B01017,Tasty Bite Eatables Limited,519091,TASTYBITE,
INE773Y01014,Tasty Dairy Specialities Limited,540955,,
INE976I01016,Tata Capital Limited,544574,TATACAP,
INE092A01019,Tata Chemicals Limited,500770,TATACHEM,
INE151A01013,Tata Communications Limited,500483,TATACOMM,
INE467B01029,Tata Consultancy Services Limited,532540,TCS,
INE192A01025,TATA CONSUMER PRODUCTS LIMITED,500800,TATACONSUM,
INE670A01012,Tata Elxsi Limited,500408,TATAELXSI,
INE672A01026,Tata Investment Corporation Limited,501301,TATAINVEST,
INE1TAE01010,Tata Motors Limited,544569,TMCV,
INE155A01022,Tata Motors Passenger Vehicles Limited,500570,TMPV,
INF277K30047,Tata Mutual Fund,544649,,
INF277K30054,Tata Mutual Fund,544650,,
INF277K30013,Tata Mutual Fund,544651,,
INF277K30039,Tata Mutual Fund,544652,,
INF277K30021,Tata Mutual Fund,544653,,
INF277K015R5,Tata Mutual Fund - Permitted,590160,,
INE245A01021,Tata Power Company Limited,500400,TATAPOWER,Tata Power Co. Ltd
INE081A01020,Tata Steel Limited,500470,TATASTEEL,
INE142M01025,Tata Technologies Limited,544028,TATATECH,
INE517B01013,Tata Teleservices (Maharashtra) Limited,532371,TTML,
INE083G01031,Tatia Global Vennture Limited,521228,,
INE0GK401011,Tatva Chintan Pharma Chem Limited,543321,TATVA,
INE459Z01017,Taylormade Renewables Limited,541228,,
INE673O01025,TBO Tek Limited,544174,TBOTEK,
INE887D01016,TCC Concept Limited,512038,TCC,
INE389D01013,TCFC Finance Ltd,532284,,
INE586V01016,TCI Express Limited,540212,TCIEXP,
INE911B01018,TCI Finance Limited,501242,TCIFINANCE,
INE920B01019,TCI Industries Ltd.,532262,,
INE034F01010,TCM Ltd.,524156,,
INE822C01015,TCPL Packaging Limited,523301,TCPLPACK,
INE419M01027,TD Power Systems Limited,533553,TDPOWERSYS,
INE289C01025,Team India Guaranty Limited,511559,TEAMGTY,
INE601A01017,TEAM24 CONSUMER PRODUCTS LIMITED,500458,,
INE985S01024,Teamlease Services Limited,539658,TEAMLEASE,
INE065J01024,Teamo Productions HQ Limited,533048,TPHQ,
INE669C01036,Tech Mahindra Limited,532755,TECHM,
INE0P4P01011,TECHKNOWGREEN SOLUTIONS LIMITED,543991,,
INE0ZHT01012,TECHNICHEM ORGANICS LIMITED,544327,,
INE285K01026,Techno Electric & Engineering Company Limited,542141,TECHNOE,
INE545H01011,Technocraft Industries (India) Limited,532804,TIIL,
INE881P01013,Technojet Consultants Ltd.,509917,,
INE0MXP01015,Technopack Polymers Limited,543656,,
INE314H01012,TechNVision Ventures Limited,501421,TECHNVISN,
INE014B01011,TECIL Chemicals and Hydro Power Limited,506680,TECILCHEM,Tecil Chemicals & Hydro Power Limit
INE757D01011,Teesta Agro Industries Ltd,524204,,
INE011K01018,Tega Industries Limited,543413,TEGA,
INE010J01012,Tejas Networks Limited,540595,TEJASNET,
INE173E01019,TEJASSVI AAHARAM LIMITED,531628,,
INE030T01027,Tejnaksh Healthcare Limited,539428,,
INE381G01013,TeleCanor Global Limited,530595,,
INE0SRP01014,TELGE PROJECTS LIMITED,544544,,
INE778I01024,TELOGICA LIMITED,532975,,
INE869Y01010,Tembo Global Industries Limited,,TEMBO,
INE19RI01016,Tenneco Clean Air India Limited,544612,TENNIND,
INE482B01010,Tera Software Limited,533982,TERASOFT,
INE390D01011,Terai Tea Co. Ltd.,530533,,
INE122V01010,Terraform Magnum Limited,506162,,
INE123V01018,Terraform Realstate Limited,512157,,
INE594V01028,Texel Industries Ltd.,526638,,
INE435C01024,Texmaco Infrastructure & Holdings Limited,505400,TEXINFRA,
INE621L01012,Texmaco Rail & Engineering Limited,533326,TEXRAIL,
INE141K01013,Texmo Pipes and Products Limited,533164,TEXMOPIPES,
INE797H01018,TGB Banquets And Hotels Limited,532845,TGBHOTELS,
INE0SMU01015,TGIF AGRIBUSINESS LIMITED,544175,,
INE284B01028,TGV SRAAC LIMITED,507753,,
INE077P01034,Thacker & Company Limited,509945,THACKER,Thacker & Co. Ltd.
INE403F01017,Thakkers Developers Limited,526654,THAKDEV,Thakker's Developers Ltd.
INE04VT01017,THAKKERS GROUP LIMITED,507530,,
INE190F01028,Thakral Services (India) Limited,509015,,
INE085J01014,Thangamayil Jewellery Limited,533158,THANGAMAYL,
INE715B01021,The Andhra Sugars Limited,590062,ANDHRSUGAR,
INE294Z01018,The Anup Engineering Limited,542460,ANUP,
INE050A01025,The Bombay Burmah Trading Corporation Limited,501425,BBTC,
INE319B01014,The Byke Hospitality Ltd,531373,BYKE,
INE171A01029,The Federal Bank  Limited,500469,FEDERALBNK,
INE017A01032,The Great Eastern Shipping Company Limited,500620,GESHIP,Great Eastern Shipping Co. Ltd.
INE646C01018,The Grob Tea Company Limited,,GROBTEA,
INE127B01011,The Hi-Tech Gears Limited,522073,HITECHGEAR,
INE383A01012,The India Cements Limited,530005,INDIACEM,
INE053A01029,The Indian Hotels Company Limited,500850,INDHOTEL,Indian Hotels Co. Ltd
INE586E01020,The Indian Wood Products Company Limited,540954,IWP,The Indian Wood Products Co. Ltd.
INE924D01017,The Investment Trust Of India Limited,530023,THEINVEST,
INE168A01041,The Jammu & Kashmir Bank Limited,532209,J&KBANK,Jammu and Kashmir Bank Ltd.
INE614B01018,The Karnataka Bank Limited,532652,KTKBANK,
INE861B01023,The Motor & General Finance Limited,501343,MOTOGENFIN,Motor & General Finance (M.G.F.) Lt
INE470Y01017,The New India Assurance Company Limited,540769,NIACL,
INE725E01024,The Orissa Minerals Development Company Limited,590086,ORISSAMINE,
INE431F01018,The Peria Karamalai Tea & Produce Company Limited,,PKTEA,
INE211B01039,The Phoenix Mills Limited,503100,PHOENIXLTD,
INE398C01016,The Phosphate Company Limited,542123,,
INE331A01037,The Ramco Cements Limited,500260,RAMCOCEM,
INE615A01025,The Ravalgaon Sugar Farm Limited,507300,,
INE301D01026,The Ruby Mills Limited,503169,RUBYMILLS,
INE583B01015,The Sandesh Limited,526725,SANDESH,
INE683A01023,The South Indian Bank Limited,532218,SOUTHBANK,
INE532U01012,The Southern Gas Limited,509910,,
INE655A01013,The State Trading Corporation of India Limited,512531,STCINDIA,
INE071E01023,The Ugar Sugar Works Limited,530363,UGARSUGAR,
INE458F01011,The United Nilgiri Tea Estates Company Limited,,UNITEDTEA,
INE215F01023,The Western India Plywoods Limited,,WIPL,
INE868X01014,The Yamuna Syndicate Ltd,540980,,
INE121N01019,Thejo Engineering Limited,,THEJO,
INE083B01024,Themis Medicare Limited,530199,THEMISMED,
INE152A01029,Thermax Limited,500411,THERMAX,
INE365S01045,THINKINK PICTUREZ LIMITED,539310,,
INE901C01017,Thirani Projects Limited,538464,,
INE338A01024,Thirumalai Chemicals Limited,500412,TIRUMALCHM,
INE332A01027,Thomas Cook  (India)  Limited,500413,THOMASCOOK,
INE480M01011,Thomas Scott (India) Limited,533941,THOMASCOTT,
INE0UK501010,THREE M PAPER BOARDS LIMITED,544214,,
INE628D01014,THRIVE FUTURE HABITATS LIMITED,523120,,
INE594H01019,Thyrocare Technologies Limited,539871,THYROCARE,
INE05CY01014,Tierra Agrotech Limited,543531,,
INE906O01029,Tiger Logistics (India) Limited,536264,TIGERLOGS,
INE440L01017,Tijaria Polypipes Limited,533629,TIJARIA,
INE806C01018,TIL Limited,505196,TIL,
INE026L01022,Tilak Ventures Limited,503663,,
INE133E01013,Tilaknagar Industries Limited,507205,TI,
INE508G01029,Time Technoplast Limited,532856,TIMETECHNO,
INE0B6101012,Times Green Energy (India) Limited,543310,,
INE064A01026,Timex Group India Limited,500414,TIMEX,
INE325A01013,Timken India Limited,522113,TIMKEN,
INE015C01016,Tinna Rubber and Infrastructure Limited,530475,TINNARUBR,
INE1U6D01014,Tipco Engineering India Limited,544740,,
INE0LQS01015,Tips Films Limited,543614,TIPSFILMS,
INE716B01029,Tips Music Limited,532375,TIPSMUSIC,
INE008N01018,Tirth Plastic Ltd.,526675,,
INE027S01017,Tirupati Fin-Lease Ltd.,539488,,
INE115G01015,TIRUPATI FOAM LIMITED,540904,,
INE319Y01024,Tirupati Forge Limited,,TIRUPATIFL,
INE812Q01016,TIRUPATI INNOVAR LIMITED,539040,,
INE297J01023,Tirupati Sarjan Ltd.,531814,,
INE314D01011,Tirupati Starch & Chemicals Ltd.,524582,,
INE120V01014,Titaanium Ten Enterprise Limited,539985,,
INE615H01020,TITAGARH RAIL SYSTEMS LIMITED,532966,TITAGARH,
INE150C01029,Titan Bio-Tech Ltd.,524717,,
INE280A01028,Titan Company Limited,500114,TITAN,
INE807M01031,TITAN INTECH LIMITED,521005,,
INE090D01017,Titan Securities Ltd.,530045,,
INE747V01014,Tivoli Construction Ltd.,511096,,
INE546D01018,Tokyo Finance Ltd.,531644,,
INE932C01012,Tokyo Plast International Limited,500418,TOKYOPLAST,
INE0RWQ01014,Tolins Tyres Limited,544254,TOLINS,
INE135H01029,TOMORROW TECHNOLOGIES GLOBAL INNOVATIONS LIMITED,512018,,
INE685A01028,Torrent Pharmaceuticals Limited,500420,TORNTPHARM,
INE813H01021,Torrent Power Limited,532779,TORNTPOWER,
INE0XAY01012,TOSS THE COIN LIMITED,544303,,
INE336X01012,Total Transport Systems Limited,,TOTAL,
INE486Y01013,Touchwood Entertainment Limited,,TOUCHWOOD,
INE305A01023,Tourism Finance Corporation of India Limited,526650,TFCILTD,Tourism Finance Corpn. Of India Ltd
INE457P01020,TOYAM SPORTS LIMITED,538607,,
INE578C01021,TPI India Ltd.,500421,,
INE413G01022,TPL Plastech Limited,526582,TPLPLASTEH,
INE0HMF01019,Tracxn Technologies Limited,543638,TRACXN,
INE961E01017,Trade Wings Ltd.,509953,,
INE819G01012,TRADEWELL HOLDINGS LIMITED,531203,,
INE502D01011,TRANS INDIA HOUSE IMPEX LIMITED,523752,,
INE360D01014,Trans-Freight Containers Ltd.,513063,,
INE019B01010,Transchem Limited.,500422,,
INE330E01023,Transcorp International Ltd.,532410,,
INE763I01026,Transformers And Rectifiers (India) Limited,532928,TARIL,
INE773D01018,Transgene Biotek Ltd.,526139,,
INE213P01027,Transglobe Foods Ltd.,519367,,
INE0O3901029,Transindia Real Estate Limited,543955,TREL,
INE074J01018,Transoceanic Properties Ltd.,509003,,
INE06YD01010,Transpact Enterprises Limited,542765,,
INE687A01016,Transpek Industry Limited,506687,TRANSPEK,
INE688A01022,Transport Corporation of India Limited,532349,TCI,
INE454P01035,Transrail Lighting Limited,544317,TRANSRAILL,
INE0MPU01011,TRANSVOY LOGISTICS INDIA LIMITED,543754,,
INE804H01012,Transwarranty Finance Limited,532812,TFL,
INE757B01015,TRANSWORLD SHIPPING LINES LIMITED,520151,TRANSWORLD,
INE0BIW01023,TRANWAY21 TECHNOLOGIES LIMITED,542923,,
INE103V01028,Travel Food Services Limited,544443,TRAVELFOOD,
INE0SG001011,Travels & rentals Limited,544242,,
INE040M01013,Tree House Education & Accessories Limited,533540,TREEHOUSE,
INE00CA01015,TREJHARA SOLUTIONS LIMITED,542233,TREJHARA,
INE849A01020,Trent Limited,500251,TRENT,Trent Ltd [Lakme Ltd]
INE088D01011,TRESCON LIMITED,532159,,
INE391D01019,TRF Limited,505854,TRF,
INE760L01018,Tribhovandas Bhimji Zaveri Limited,534369,TBZ,
INE843F01014,Tricom Fruit Products Limited,531716,,
INE0MKA01014,Trident Lifeline Limited,543616,,
INE064C01022,Trident Limited,521064,TRIDENT,
INE071Y01013,Trident Texofab Limited,540726,,
INE948A01012,Trigyn Technologies Limited,517562,TRIGYN,
INE778N01016,TRILIANCE POLYMERS LIMITED,509046,,
INE884X01011,Trinity League India Limited,531846,,
INE234G01022,Trio Mercantile & Trading Limited,534755,,
INE331E01013,Triochem Products Ltd.,512101,,
INE238C01022,Trishakti Industries Limited,531279,,
INE440G01017,Triton Valves Ltd.,505978,,
INE382B01012,Triumph International Finance India,532131,,
INE256C01024,Triveni Engineering & Industries Limited,532356,TRIVENI,
INE916P01025,Triveni Enterprises Limited,538569,,
INE094C01011,Triveni Glass Ltd.,502281,,
INE152M01016,Triveni Turbine Limited,533655,TRITURBINE,
INE0MWH01014,TruAlt Bioenergy Limited,544545,TRUALT,
INE615R01029,TruCap Finance Limited,540268,TRU,
INE1LDV01015,TRUE COLORS LIMITED,544531,,
INE672K01025,TRUE GREEN BIO ENERGY LIMITED,533407,,
INE398H01015,Trustedge Capital Limited,532056,,
INE202Z01029,TSF INVESTMENTS LIMITED,,TSFINV,
INE404F01031,TTI Enterprise Limited,538597,,
INE910C01018,TTK Healthcare Limited,507747,TTKHLTCARE,
INE690A01028,TTK Prestige Limited,517506,TTKPRESTIG,
INE664X01025,TTL ENTERPRISES LIMITED,514236,,
INE974X01010,Tube Investments of India Limited,540762,TIINDIA,
INE276N01011,Tulasee Bio-Ethanol Ltd.,524514,,
INE637D01015,Tulive Developers Limited,505285,,
INE463D01016,Tulsyan NEC Ltd,513629,,
INE560D01027,Tuni Textile Mills Ltd.,531411,,
INE319M01011,TUSALDAH LIMITED,531301,,
INE400A01014,TUTICORIN ALKALI CHEMICALS AND FERTILIZERS LIMITED,506808,,
INE038F01029,TV Today Network Limited,532515,TVTODAY,T.V.Today Network Limited
INE871L01013,TV Vision Limited,540083,TVVISION,
INE236G01019,TVS Electronics Limited,532513,TVSELECT,
INE105A01035,TVS Holdings Limited,520056,TVSHLTD,
INE494B01023,TVS Motor Company Limited,532343,TVSMOTOR,
INE421C01016,TVS Srichakra Limited,509243,TVSSRICHAK,
INE395N01027,TVS Supply Chain Solutions Limited,543965,TVSSCS,
INE388G01026,Twamev Construction and Infrastructure Limited,532738,TICL,
INE436U01016,Twin Roses Trades & Agencies Ltd.,512117,,
INE443B01012,Tyche Industries Ltd.,532384,,
INE761R01013,Typhoon Financial Services Limited,539468,,
INE2L3M01012,Typhoon Holdings Ltd.,512307,,
INE945B01016,Tyroon Tea Co. Ltd.,526945,,
INE556Z01010,U. H. ZAVERI LIMITED,541338,,
INE152C01025,U. Y. Fincorp Limited,530579,UYFINCORP,
INE726E01014,U.P. Hotels Ltd.,509960,,
INE139B01016,UCAL LIMITED,500464,UCAL,
INE691A01018,UCO Bank,532505,UCOBANK,
INE551B01012,Uday Jewellery Industries Limited.,539518,,
INE0N0Y01013,Udayshivakumar Infra Limited,543861,USK,
INE516A01017,UFLEX Limited,500148,UFLEX,
INE832E01010,UFM Industries Ltd,531610,,
INE527H01019,UFO Moviez India Limited,539141,UFO,
INE583D01011,Ugro Capital Limited,511742,UGROCAP,
INE0YZ901011,UHM Vacation Limited,544779,,
INE899L01030,Ujaas Energy Limited,533644,UEL,
INE551W01018,Ujjivan Small Finance Bank Limited,542904,UJJIVANSFB,
INE010R01023,Ultracab (India) Limited,538706,,
INE405A01021,Ultramarine & Pigments Limited,506685,ULTRAMAR,
INE481G01011,UltraTech Cement Limited,532538,ULTRACEMCO,
INE0GIU01018,Uma Exports Limited,543513,UMAEXPORTS,
INE398B01018,UMIYA BUILDCON LIMITED,532376,UMIYA-MRO,
INE1P1A01018,Umiya Mobile Limited,544464,,
INE173U01015,Umiya Tubes Limited,539798,,
INE361D01012,Uni-Abex Alloy Products Ltd.,504605,,
INE351A01035,Unichem Laboratories Limited,506690,UNICHEMLAB,
INE250G01010,Unick Fix-A- Form and Printers Limited,541503,,
INE00U401027,Unicommerce Esolutions Limited,544227,UNIECOM,
INE1ABX01018,UNIFIED DATA TECH SOLUTIONS LIMITED,544406,,
INE926R01012,UNIFINZ CAPITAL INDIA LIMITED,541358,,
INE481Z01011,Uniinfo Telecom Services Limited,,UNIINFO,
INE130N01010,Unijolly Investments Co. Ltd.,503671,,
INE0U3I01011,Unimech Aerospace and Manufacturing Limited,544322,UNIMECH,
INE692A01016,Union Bank of India,532477,UNIONBANK,
INE244O01017,Uniparts India Limited,543689,UNIPARTS,
INE037A01022,Uniphos Enterprises Limited,500429,UNIENTER,
INE448F01012,Unipro Technologies Limited,540189,,
INE333E01019,Unique Organics Ltd.,530997,,
INE980D01019,Uniroyal Industries Ltd,521226,,
INE602H01010,Uniroyal Marine Exports Ltd.,526113,,
INE1FHV01026,UNISEM AGRITECH LIMITED,544648,,
INE210P01015,Unishire Urban Infra Limited,537582,,
INE099D01026,Unison Metals Ltd,538610,,
INE929K01011,Unitech International Ltd,531867,,
INE694A01020,Unitech Limited,507878,UNITECH,
INE686F01025,United Breweries Limited,532478,UBL,
INE0S0I01011,United Cotfab Limited,544195,,
INE858C01027,United Credit ltd.,531091,,
INE961D01019,United Drilling Tools Limited,522014,UNIDT,
INE382M01027,United Foodbrands Limited,543283,UFBL,
INE706D01018,United Interactive Limited,502893,,
INE357P01014,United Leasing & Industries Ltd,507808,,
INE368U01029,United Polyfab Gujarat Limited,544756,UNITEDPOLY,
INE854D01024,United Spirits Limited,532432,UNITDSPR,
INE890G01047,United Van Der Horst Ltd.,522091,,
INE562X01013,Univastu India Limited,,UNIVASTU,
INE464B01018,Universal Arts Ltd,532378,,
INE203T01012,Universal Autofoundry Limited,539314,,
INE279A01012,Universal Cables Limited,504212,UNIVCABLES,
INE113E01015,Universal Starch-Chem Allied Ltd.,524408,,
INE03V001013,Universus Photo Imagings Limited,542933,UNIVPHOTO,
INE728J01019,Uniworth Securities Limited,512408,,
INE576D01015,Unjha Formulations Ltd.,531762,,
INE405E01023,UNO Minda Limited,532539,UNOMINDA,
INE851I01011,Updater Services Limited,543996,UDS,
INE628A01036,UPL Limited,512070,UPL,
INE890B01014,Upsurge Investment And Finance Ltd.,531390,,
INE904R01027,UR SUGAR INDUSTRIES LIMITED,539097,,
INE568Z01015,Uravi Defence and Technology Limited,543930,URAVIDEF,
INE0CAZ01013,Urban Company Limited,544515,URBANCO,
INE550C01020,Urja Global Limited,526987,URJA,
INE718B01017,USG Tech Solutions Ltd,532402,,
INE240C01028,Usha Martin Education & Solutions Limited,532398,UMESLTD,
INE228A01035,Usha Martin Limited,517146,USHAMART,
INE697C01011,Ushakiran Finance Ltd.,511507,,
INE094J01016,UTI Asset Management Company Limited,543238,UTIAMC,
INF789FB1X58,UTI Mutual Fund,539312,,
INF789F1AZC0,UTI Mutual Fund,539313,,
INF789F1AUW9,UTI Mutual Fund,540669,,
INF789F1AUU3,UTI Mutual Fund,542513,,
INF789F1AUV1,UTI Mutual Fund,543226,,
INF789F1AYX9,UTI Mutual Fund,543975,,
INF789F1AZD8,UTI Mutual Fund,544102,,
INE096A01010,UTIQUE ENTERPRISES LIMITED,500014,,
INE735W01017,Utkarsh Small Finance Bank Limited,543942,UTKARSHBNK,
INE184E01024,UTL Industries Limited,500426,,
INE786F01031,Uttam Sugar Mills Limited,532729,UTTAMSUGAR,
INE528C01018,UVS HOSPITALITY AND SERVICES LIMITED,531652,,
INE334E01017,V B INDUSTRIES LIMITED,539123,,
INE06LG01010,V R FILMS & STUDIOS LIMITED,542654,,
INE951I01027,V-Guard Industries Limited,532953,VGUARD,
INE665J01013,V-Mart Retail Limited,534976,VMART,
INE848D01018,V.B.Desai Financial Services Ltd,511110,,
INE764D01017,V.S.T Tillers Tractors Limited,531266,VSTTILLERS,
INE945H01021,V2 Retail Limited,532867,V2RETAIL,
INE956G01038,VA Tech Wabag Limited,533269,WABAG,
INE418B01048,Vaarad Ventures Ltd,532320,,
INE693D01018,Vadilal Enterprises Ltd.,519152,,
INE694D01016,Vadilal Industries Limited,519156,VADILALIND,
INE0H3U01013,Vahh Chemicals Limited,544778,,
INE884A01027,Vaibhav Global Limited,532156,VAIBHAVGBL,
INE972X01022,Vaishali Pharma Limited,,VAISHALI,
INE116E01018,Vaishno Cement Co. Ltd.,526941,,
INE051B01021,Vakrangee Limited,511431,VAKRANGEE,
INE130701019,Valencia India Limited,544433,,
INE08RT01016,Valencia Nutrition Limited,542910,,
INE760B01019,Valiant Communications Ltd.,526775,,
INE0JWS01017,Valiant Laboratories Limited,543998,VALIANTLAB,
INE565V01010,Valiant Organics Limited,540145,VALIANTORG,
INE457E01016,Vallabh Steels ltd,513397,,
INE834E01016,Valley Magnesite Company Limited,539543,,
INE879I01012,Valor Estate Limited,533160,DBREALTY,
INE0QP701017,Valplast Technologies Limited,544565,,
INE808A01018,Valson Industries Ltd.,530459,,
INE685D01022,Vama Industries Limited,512175,,
INE380C01014,Vamshi Rubber Ltd.,530369,,
INE0RDJ01019,VANDAN FOODS LIMITED,544436,,
INE661Q01017,Vani Commercials Limited,538918,,
INE695X01011,Vanta Bioscience Limited,540729,,
INE427T01025,Vantage Knowledge Academy Limited,539761,,
INE464D01014,VAPI ENTERPRISE LIMITED,502589,,
INE128G01018,Vardhan Capital & Finance Limited,542931,,
INE116G01013,Vardhman Acrylics Limited,,VARDHACRLC,
INE701A01023,Vardhman Holdings Limited,500439,VHL,
INE835A01029,Vardhman Polytex Limited,514175,VARDMNPOLY,
INE050M01012,Vardhman Special Steels Limited,534392,VSSL,
INE825A01020,Vardhman Textiles Limited,502986,VTL,Vardhman Textiles Limted
INE717F01028,VARIMAN GLOBAL ENTERPRISES LIMITED,540570,,
INE665L01035,Varroc Engineering Limited,541578,VARROC,
INE200M01039,Varun Beverages Limited,540180,VBL,
INE442U01014,Varun Mercantile Ltd.,512511,,
INE273D01027,VARVEE GLOBAL LIMITED,514274,VGL,
INE0R6801013,VARYAA CREATIONS LIMITED,544168,,
INE893I01013,Vascon Engineers Limited,533156,VASCONEQ,
INE0WRP01016,VASHISHTHA LUXURY FASHION LIMITED,544508,,
INE147C01017,VASHU BHAGNANI INDUSTRIES LIMITED,532011,,
INE406F01010,Vasundhara Rasayans Ltd.,538634,,
INE590L01019,Vaswani Industries Limited,533576,VASWANI,
INE560T01015,Vaxfab Enterprises Limited,542803,,
INE098201036,Vaxtex Cotfab Limited,,VCL,
INE962O01014,VCU Data Management Limited,536672,,
INE0NC801013,VEDANT ASSET LIMITED,543623,,
INE825V01034,Vedant Fashions Limited,543463,MANYAVAR,
INE1CDF01017,Vedanta Aluminium Metal Limited,544780,VAML,
INE1CLE01013,Vedanta Iron and Steel Limited,544784,VISL,
INE205A01025,Vedanta Limited,500295,VEDL,
INE704J01044,Vedanta Oil and Gas Limited,544782,VOGL,
INE694L01019,Vedanta Power Limited,544781,VEDPOWER,
INE359B01010,VEDAVAAG Systems Limited,533056,,
INE484C01030,Veedol Corporation Limited,590005,VEEDOL,
INE0Q0M01015,VEEFIN SOLUTIONS LIMITED,543931,,
INE466D01019,Veejay Lakshmi Engineering Works Lt,522267,,
INE255E01030,Veer Energy & Infrastructure Limited,503657,,
INE244W01010,Veer Global Infraconstruction Limited,543241,,
INE882C01035,Veerhealth Care Limited,511523,,
INE0ID001024,Veerkrupa Jewellers Limited,543545,,
INE603D01017,VEGA JEWELLERS LIMITED,512026,,
INE1L3801017,Vegorama Punjabi Angithi Limited,544765,,
INE548D01014,Velan Hotels Ltd.,526755,,
INE232E01013,Veljan Denison Limited,505232,VELJAN,
INE092P01017,Velox Shipping and Logistics Limited,506178,,
INE398A01010,Venky's (India) Limited,523261,VENKEYS,
INE204D01022,Venlon Enterprises Ltd.,524038,,
INE154G01022,Venmax Drugs And Pharmaceuticals Ltd,531015,,
INE781S01027,Ventive Hospitality Limited,544321,VENTIVE,
INE139J01019,Ventura Guaranty Ltd.,512060,,
INE810C01044,Ventura Textiles Ltd.,516098,,
INE0JA001018,Venus Pipes & Tubes Limited,543528,VENUSPIPES,
INE411B01019,Venus Remedies Limited,526953,VENUSREM,
INE0IQ001011,Veranda Learning Solutions Limited,543514,VERANDA,
INE379J01029,Veritas (India) Limited,512229,,
INE316D01024,Vertex Securities Ltd.,531950,,
IN9316D01014,Vertex Securities Ltd.,890234,,
INE188Y01031,Vertoz Limited,,VERTOZ,
INE386A01023,Vesuvius India Limited,520113,VESUVIUS,
INE918N01018,Veto Switchgears And Cables Limited,539331,VETO,
INE0QTF01015,Vibhor Steel Tubes Limited,544124,VSTL,
INE761Q01015,Vibrant Global Capital Limited,538732,,
INE048C01025,Viceroy Hotels Limited,523796,VHLTD,
INE203D01016,Victoria Mills Ltd.,503349,,
INE632C01026,Vidhi Specialty Food Ingredients Limited,531717,VIDHIING,
INE14UN01029,Vidya Wires Limited,544633,VIDYAWIRES,
INE362D01010,Vijay Solvex Ltd.,531069,,
INE043W01024,Vijaya Diagnostic Centre Limited,543350,VIJAYA,
INE159N01027,Viji Finance Limited,537820,VIJIFIN,
INE186E01011,Vikalp Securities Ltd.,531334,,
INE806A01020,Vikas EcoTech Limited,530961,VIKASECO,
INE161L01027,Vikas Lifecare Limited,542655,VIKASLIFE,
INE767B01022,VIKAS PROPPANT & GRANITE LTD.,531518,,
INE706A01022,Vikas WSP Ltd.,519307,,
INE0NR501012,VIKRAM AROMA LIMITED,544371,,
INE564S01019,VIKRAM KAMATS HOSPITALITY LIMITED,539659,,
INE078V01014,Vikram Solar Limited,544488,VIKRAMSOLR,
INE337E01010,Vikram Thermo (India) Ltd.,530477,,
INE01R501028,Vikran Engineering Limited,544496,VIKRAN,
INE965V01020,Viksit Engineering Ltd,506196,,
INE579C01029,Vimta Labs Limited,524394,VIMTALABS,
INE410B01037,Vinati Organics Limited,524200,VINATIORGA,
INE581M01016,VINAYAK POLYCON INTERNATIONAL LIMITED,534639,,
INE132V01019,Vinayak Vanijya Ltd.,512517,,
INE707A01012,Vindhya Telelinks Limited,517015,VINDHYATEL,
INE505Y01010,Vineet Laboratories Limited,543298,VINEETLAB,
INE01KI01027,Vinny Overseas Limited,543670,VINNY,
INE498Q01014,Vintage Coffee And Beverages Limited,538920,VINCOFE,
INE153C01015,Vintage Securities Ltd.,531051,,
INE250B01029,Vinyl Chemicals (India) Limited,524129,VINYLINDIA,
INE526H01011,Vinyoflex Ltd.,530401,,
INE450G01024,VIP Clothing Limited,532613,VIPCLOTHNG,
INE054A01027,VIP Industries Limited,507880,VIPIND,V.I.P. Industries Ltd.
INE660D01017,Vippy Spinpro Ltd.,514302,,
INE946H01037,Vipul Limited,511726,VIPULLTD,
INE834D01018,Vipul Organics Limited,530627,,
INE607V01028,Viram Suvarn Limited,540252,,
INE295C01014,Virat Crane Industries Ltd,519457,,
INE467D01017,Virat Industries Ltd.,530521,,
INE347L01022,Virat Leasing Limited,539167,,
INE400B01020,Virgo Global Limited,532354,,
INE539B01017,Virinchi Limited,532372,VIRINCHI,
INE247C01023,VIRTUAL GLOBAL EDUCATION LTD.,534741,,
INE0I0T01010,Virtuoso Optoelectronics Limited,543597,,
INE661K01010,VIRYA RESOURCES LIMITED,512479,,
INE286H01012,VISA Chrome Limited,532721,VISACHROME,
INE309H01038,Visagar Financial Services Ltd,531025,,
INE370E01029,Visagar Polytex Limited,506146,VIVIDHA,
INE392A01021,Visaka Industries Limited,509055,VISAKAIND,
INE060T01024,Vishal Bearings Limited,539398,,
INE755Q01025,Vishal Fabrics Limited,538598,,
INE01EA01019,Vishal Mega Mart Limited,544307,VMM,
INE270I01022,Vishnu Chemicals Limited,516072,VISHNU,
INE0AE001013,Vishnu Prakash R Punglia Limited,543974,VPRPL,
INE762D01011,VISHVPRABHA VENTURES LIMITED,512064,,
INE430N01022,Vishwaraj Sugar Industries Limited,542852,VISHWARAJ,
INE515B01025,Vision Cinemas Limited,526441,,
INE661D01015,Vision Corporation Ltd.,531668,,
INE427C01021,Vista Pharmaceuticals Ltd.,524711,,
INE878P01019,Vistar Amar Limited,538565,,
INE0L4K01016,Vital Chemtech Limited,,VITAL,
INE0PA601017,Vivaa Tradecom Limited,544002,,
INE299W01022,Vivanta Industries Limited,541735,,
INE984E01035,Vivanza Biosciences Limited,530057,,
INE0MEG01014,Viviana Power Tech Limited,,VIVIANA,
INE737C01023,Vivid Global Industries Limited,524576,,
INE647Z01025,VIVID MERCANTILE LIMITED,542046,,
INE526G01021,Vivimed Labs Limited,532660,VIVIMEDLAB,
INE380K01017,Vivo Bio tech Ltd.,511509,,
INE807F01027,Viyash Scientific Limited,512529,VIYASH,
INE117F01013,VJTF Eduservices Limited,509026,,
INE03HW01020,VL E-Governance & IT Solutions Limited,543958,VLEGOV,
INE709A01018,VLS Finance Limited,511333,VLSFINANCE,
INE932K01015,VMS INDUSTRIES LIMITED,533427,,
INE0SJA01013,VMS TMT Limited,544521,VMSTMT,
INE669E01016,Vodafone Idea Limited,532822,IDEA,
INE285C01015,Voith Paper Fabrics India Ltd,522122,,
INE763D01019,Voltaire Leasing & Finance Ltd.,509038,,
INE540H01012,Voltamp Transformers Limited,532757,VOLTAMP,
INE226A01021,Voltas Limited,500575,VOLTAS,
INE0S2V01010,Vraj Iron and Steel Limited,544204,VRAJ,
INE366I01010,VRL Logistics Limited,539118,VRLLOG,
INE0OMZ01013,Vruddhi Engineering Works Limited,544157,,
INE0Q6901013,Vrundavan Plantation Limited,544011,,
INE489F01016,VSD Confin ltd.,531696,,
INE923K01014,VSF Projects Limited,519331,,
INE710A01016,VST Industries Limited,509966,VSTIND,
INE222F01029,VTM Ltd,532893,,
INE0MNP01016,VVIP Infratech Limited,544219,,
INE756A01019,VXL Instruments Ltd.,517399,,
INE100D01014,W S Industries (I) Limited,504220,WSI,W.S. Industries (India) Ltd.
INE855A01019,W.H. Brady & Co. Ltd.,501391,,
INE799N01012,Waa Solar Limited,541445,,
INE377N01017,Waaree Energies Limited,544277,WAAREEENER,
INE299N01021,Waaree Renewable Technologies Limited,534618,WAAREERTL,
INE725P01012,WAAREE TECHNOLOGIES LIMITED,539337,,
INE786K01023,Wagend Infra Venture Limited,503675,,
INE0E7301029,Wakefit Innovations Limited,544642,WAKEFIT,
INE695D01021,Walchand Peoplefirst Limited,501370,,
INE711A01022,Walchandnagar Industries Limited,507410,WALCHANNAG,
INE121B01014,Wallfort Financial Services Ltd.,532053,,
INE107F01022,Wanbury Limited,524212,WANBURY,
INE761D01021,Wardwizard Foods and Beverages Limited,539132,,
INE048E01013,WARDWIZARD HEALTHCARE LIMITED,512063,,
INE945P01024,WARDWIZARD INNOVATIONS AND MOBILITY LIMITED,538970,,
INE712A01012,Warren Tea Ltd.,508494,,
INE054C01015,Waterbase Limited,523660,,
INE082W01014,WE WIN LIMITED,543535,WEWIN,
INE658T01017,Wealth First Portfolio Managers Limited,544536,WEALTH,
INE562Q01017,Web Element Solutions Limited,780016,,
INE855C01023,Websol Energy System Limited,517498,WEBELSOLAR,
INE080A01014,Weizmann Limited,523011,WEIZMANIND,
INE380G01015,Welcast Steels Ltd.,504988,,
INE331C01025,Welcure Drugs & Pharmaceuticals ltd,524661,,
INE191B01025,Welspun Corp Limited,532144,WELCORP,
INE625G01013,Welspun Enterprises Limited,532553,WELENT,
INE389K01018,Welspun Investments and Commercials Limited,533252,WELINV,
INE192B01031,Welspun Living Limited,514162,WELSPUNLIV,
INE731F01037,Welspun Specialty Solutions Limited,500365,WELSPLSOL,
INE662D01013,Welterman International Ltd.,526431,,
INE274C01019,Wendt (India) Limited,505412,WENDT,
INE434B01029,WEP Solutions Ltd,532373,,
INE976A01021,West Coast Paper Mills Limited,500444,WSTCSTPAPR,
INE266P01017,WEST LEISURE RESORTS LIMITED,538382,,
INE0CJF01024,Western Carriers (India) Limited,544258,WCIL,
INE187U01015,Western Ministil Ltd.,504998,,
INE1MF401019,Western Overseas Study Abroad Limited,544636,,
INE274F01020,WESTLIFE FOODWORLD LIMITED,505533,WESTLIFE,
INE085001019,WeWork India Management Limited,544570,WEWORK,
INE715A01015,Wheels India Limited,590073,WHEELS,
INE0IM001015,Wherrelz IT Solutions Limited,543436,,
INE716A01013,Whirlpool of India Limited,500238,WHIRLPOOL,
INE416X01012,White Hall Commercial Co.Ltd.,512431,,
INE146C01019,White Organic Agro Limited,513713,,
INE188E01017,Williamson Financial Services ltd.,519214,,
INE210A01017,Williamson Magor & Company Limited,519224,WILLAMAGOR,William Magor & Company Limited
INE0H5O01029,Windlas Biotech Limited,543329,WINDLAS,
INE052A01021,Windsor Machines Limited,522029,WINDMACHIN,
INE837E01019,Winro Commercial (India) Ltd.,512022,,
INE391C01011,Winsome Breweries Ltd.,526471,,
INE837B01031,Winsome Textile Industries Ltd,514470,,
INE784B01035,Winsome Yarns Limited,514348,WINSOME,
INE075A01022,Wipro Limited,507685,WIPRO,
INE469D01013,Wires & Fabriks (SA) Ltd.,507817,,
INE049B01025,Wockhardt Limited,532300,WOCKPHARMA,
INE905B01010,Women Networks Ltd.,531396,,
INE02WG01024,Wonder Electricals Limited,543449,WEL,
INE066O01014,Wonderla Holidays Limited,538268,WONDERLA,
INE1I1301016,WORKMATES CORE2CLOUD SOLUTION LIMITED,544610,,
INE550D01010,WORLDWIDE ALUMINIUM LIMITED,526525,,
INE114O01020,Worth Investment & Trading Co Limited,538451,,
INE196Y01018,Worth Peripherals Limited,544577,WORTHPERI,
INE765D01022,WPIL Limited,505872,WPIL,
INE549D01012,WSFX Global Pay Limited,511147,,
INE692G01013,Xchanging Solutions Limited,532616,XCHANGING,
INE01P501012,Xelpmoc Design And Tech Limited,542367,XELPMOC,
INE445C01015,Xpro India Limited,590013,XPROINDIA,
INE547B01028,Xtglobal Infotech Limited,531225,XTGLOBAL,
INE969E01010,YAAN ENTERPRISES LIMITED,538521,,
INE1T6L01010,YAASHVI JEWELLERS LIMITED,544770,,
INE0CNJ01010,YAJUR FIBRES LIMITED,544676,,
INE457N01025,Yamini Investments Company Limited,511012,,
INE564C01013,Yarn Syndicate Ltd.,514378,,
INE571U01010,Yash Chemex Limited,539939,,
INE00GK01023,Yash Highvoltage Limited,544310,,
INE823D01011,YASH INNOVENTURES LIMITED,523650,,
INE216B01012,Yash Management & Satellite Ltd.,511601,,
INE1O6P01016,Yashhtej Industries (India) Limited,544708,,
INE616Z01012,Yasho Industries Limited,541167,YASHO,
INE095C01018,Yashraj Containeurs Ltd.,530063,,
INE0JO301016,Yatharth Hospital & Trauma Care Services Limited,543950,YATHARTH,
INE0JR601024,Yatra Online Limited,543992,YATRA,
INE528G01035,Yes Bank Limited,532648,YESBANK,
INE290E01011,YOGI LIMITED,511702,,
INE429B01011,Yogi Sung-won (India) Ltd.,522209,,
INE057Q01018,York Exports Ltd.,530675,,
INE796W01019,Yug Decor Limited,540550,,
INE384C01016,Yuken India Limited,522108,YUKEN,
INE143K01019,Yunik Managing Advisors Limited,533149,,
INE156M01017,Yuranus Infrastructure Ltd,536846,,
INE139D01020,YUVRAAJ HYGIENE PRODUCTS LTD,531663,,
INE07K301024,Zaggle Prepaid Ocean Services Limited,543985,ZAGGLE,
INE819S01025,Zeal Aqua Limited,539963,,
INE256A01028,Zee Entertainment Enterprises Limited,505537,ZEEL,
INE565L01011,Zee Learn Limited,533287,ZEELEARN,
INE966H01019,Zee Media Corporation Limited,532794,ZEEMEDIA,
INE1B3501014,Zelio E Mobility Limited,544563,,
INE251B01027,Zen Technologies Limited,533339,ZENTEC,
INE058B01018,Zenith Exports Limited,512553,ZENITHEXPO,
INE106C01013,Zenith Fibres Limited,514266,,
INE812B01026,Zenith Health Care Ltd.,530665,,
INE318D01020,Zenith Steel Pipes & Industries Limited,531845,ZENITHSTL,ZENITH STEEL PIPES AND  INDUSTRIES LIMITED
INE546F01013,Zenlabs Ethica Limited,530697,,
INE486F01012,Zenotech Laboratories Limited,532039,,
INE520A01027,Zensar Technologies Limited,504067,ZENSARTECH,
INF0R8F01059,Zerodha Mutual Fund,544193,,
INF0R8F01067,Zerodha Mutual Fund,544194,,
INF0R8F01141,Zerodha Mutual Fund,544507,,
INF0R8F01166,Zerodha Mutual Fund,544586,,
INE342J01019,ZF Commercial Vehicle Control Systems India Limited,533023,ZFCVINDIA,
INE116C01012,ZF Steering Gear (India) Limited,505163,ZFSTEERING,Z.F. Steering Gear (India) Limited
INE518E01015,Zim Laboratories Limited,541400,ZIMLAB,
INE641Q01019,ZINEMA MEDIA AND ENTERTAINMENT LIMITED,538579,,
INE206B01013,Zodiac Clothing Company Limited,521163,ZODIACLOTH,Zodiac Clothing Co. Ltd.
INE761Y01019,Zodiac Energy Limited,543416,ZODIAC,
INE945J01027,Zodiac Ventures Limited,503641,,
INE077B01018,Zodiac-JRD-MKJ Ltd.,512587,,
INE358U01012,Zota Health Care LImited,,ZOTA,
INE218N01021,ZR2 BIOENERGY LIMITED,506640,,
INE840M01016,Zuari Agro Chemicals Limited,534742,ZUARI,
INE217A01012,ZUARI INDUSTRIES LIMITED,500780,ZUARIIND,
INE010B01027,Zydus Lifesciences Limited,532321,ZYDUSLIFE,
INE768C01028,Zydus Wellness Limited,531335,ZYDUSWELL,
